experiment,analyte,light.dark,cal.ID,time,channel,cal.point,concentration,signal.mV,slope,R2,intercept,Calibration Time Point
Mangrove_1,N2O,Dark,1,2024-06-07 11:03,1,1,0,3.96366,9.618,0.248783697,4.042718,
Mangrove_1,N2O,Dark,1,2024-06-07 11:03,1,2,0,4.04883,9.618,0.248783697,4.042718,
Mangrove_1,N2O,Dark,1,2024-06-07 11:03,1,3,0,4.11439,9.618,0.248783697,4.042718,
Mangrove_1,N2O,Dark,1,2024-06-07 11:03,1,4,0,3.84431,9.618,0.248783697,4.042718,
Mangrove_1,N2O,Dark,1,2024-06-07 11:03,1,5,0,4.2424,9.618,0.248783697,4.042718,
Mangrove_1,N2O,Dark,1,2024-06-07 11:03,1,6,0.02,4.0593,9.618,0.248783697,4.042718,
Mangrove_1,N2O,Dark,1,2024-06-07 11:03,1,7,0.02,4.2406,9.618,0.248783697,4.042718,
Mangrove_1,N2O,Dark,1,2024-06-07 11:03,1,8,0.02,4.47227,9.618,0.248783697,4.042718,
Mangrove_1,N2O,Dark,1,2024-06-07 11:03,1,9,0.02,4.42436,9.618,0.248783697,4.042718,
Mangrove_1,N2O,Dark,1,2024-06-07 11:03,1,10,0.02,3.97886,9.618,0.248783697,4.042718,
Mangrove_1,Sulfide,Dark,2,2024-06-07 11:03,3,1,0,4.59279,9.062810351,0.99999686,3.731508,
Mangrove_1,Sulfide,Dark,2,2024-06-07 11:03,3,2,0,3.25252,9.062810351,0.99999686,3.731508,
Mangrove_1,Sulfide,Dark,2,2024-06-07 11:03,3,3,0,3.288,9.062810351,0.99999686,3.731508,
Mangrove_1,Sulfide,Dark,2,2024-06-07 11:03,3,4,0,4.58102,9.062810351,0.99999686,3.731508,
Mangrove_1,Sulfide,Dark,2,2024-06-07 11:03,3,5,0,2.94321,9.062810351,0.99999686,3.731508,
Mangrove_1,Sulfide,Dark,2,2024-06-07 11:03,3,6,93.9,855.393,9.062810351,0.99999686,3.731508,
Mangrove_1,Sulfide,Dark,2,2024-06-07 11:03,3,7,93.9,855.73,9.062810351,0.99999686,3.731508,
Mangrove_1,Sulfide,Dark,2,2024-06-07 11:03,3,8,93.9,853.529,9.062810351,0.99999686,3.731508,
Mangrove_1,Sulfide,Dark,2,2024-06-07 11:03,3,9,93.9,854.801,9.062810351,0.99999686,3.731508,
Mangrove_1,Sulfide,Dark,2,2024-06-07 11:03,3,10,93.9,854.194,9.062810351,0.99999686,3.731508,
Mangrove_1,N2O,Dark,3,2024-06-07 11:03,4,1,9,7.011627674,9.851412975,0.99999995,-81.54632684,
Mangrove_1,N2O,Dark,3,2024-06-07 11:03,4,2,9,7.020292282,9.851412975,0.99999995,-81.54632684,
Mangrove_1,N2O,Dark,3,2024-06-07 11:03,4,3,9,7.371462345,9.851412975,0.99999995,-81.54632684,
Mangrove_1,N2O,Dark,3,2024-06-07 11:03,4,4,9,7.103507042,9.851412975,0.99999995,-81.54632684,
Mangrove_1,N2O,Dark,3,2024-06-07 11:03,4,5,9,7.075060368,9.851412975,0.99999995,-81.54632684,
Mangrove_1,N2O,Dark,3,2024-06-07 11:03,4,6,100,903.4904175,9.851412975,0.99999995,-81.54632684,
Mangrove_1,N2O,Dark,3,2024-06-07 11:03,4,7,100,903.6338501,9.851412975,0.99999995,-81.54632684,
Mangrove_1,N2O,Dark,3,2024-06-07 11:03,4,8,100,903.6185913,9.851412975,0.99999995,-81.54632684,
Mangrove_1,N2O,Dark,3,2024-06-07 11:03,4,9,100,903.6300659,9.851412975,0.99999995,-81.54632684,
Mangrove_1,N2O,Dark,3,2024-06-07 11:03,4,10,100,903.6019287,9.851412975,0.99999995,-81.54632684,
Mangrove_1,N2O,Light,1,2024-06-07 11:03,1,1,0,3.96366,9.618,0.248783697,4.042718,
Mangrove_1,N2O,Light,1,2024-06-07 11:03,1,2,0,4.04883,9.618,0.248783697,4.042718,
Mangrove_1,N2O,Light,1,2024-06-07 11:03,1,3,0,4.11439,9.618,0.248783697,4.042718,
Mangrove_1,N2O,Light,1,2024-06-07 11:03,1,4,0,3.84431,9.618,0.248783697,4.042718,
Mangrove_1,N2O,Light,1,2024-06-07 11:03,1,5,0,4.2424,9.618,0.248783697,4.042718,
Mangrove_1,N2O,Light,1,2024-06-07 11:03,1,6,0.02,4.0593,9.618,0.248783697,4.042718,
Mangrove_1,N2O,Light,1,2024-06-07 11:03,1,7,0.02,4.2406,9.618,0.248783697,4.042718,
Mangrove_1,N2O,Light,1,2024-06-07 11:03,1,8,0.02,4.47227,9.618,0.248783697,4.042718,
Mangrove_1,N2O,Light,1,2024-06-07 11:03,1,9,0.02,4.42436,9.618,0.248783697,4.042718,
Mangrove_1,N2O,Light,1,2024-06-07 11:03,1,10,0.02,3.97886,9.618,0.248783697,4.042718,
Mangrove_1,Sulfide,Light,2,2024-06-07 11:03,3,1,0,4.59279,9.062810351,0.99999686,3.731508,
Mangrove_1,Sulfide,Light,2,2024-06-07 11:03,3,2,0,3.25252,9.062810351,0.99999686,3.731508,
Mangrove_1,Sulfide,Light,2,2024-06-07 11:03,3,3,0,3.288,9.062810351,0.99999686,3.731508,
Mangrove_1,Sulfide,Light,2,2024-06-07 11:03,3,4,0,4.58102,9.062810351,0.99999686,3.731508,
Mangrove_1,Sulfide,Light,2,2024-06-07 11:03,3,5,0,2.94321,9.062810351,0.99999686,3.731508,
Mangrove_1,Sulfide,Light,2,2024-06-07 11:03,3,6,93.9,855.393,9.062810351,0.99999686,3.731508,
Mangrove_1,Sulfide,Light,2,2024-06-07 11:03,3,7,93.9,855.73,9.062810351,0.99999686,3.731508,
Mangrove_1,Sulfide,Light,2,2024-06-07 11:03,3,8,93.9,853.529,9.062810351,0.99999686,3.731508,
Mangrove_1,Sulfide,Light,2,2024-06-07 11:03,3,9,93.9,854.801,9.062810351,0.99999686,3.731508,
Mangrove_1,Sulfide,Light,2,2024-06-07 11:03,3,10,93.9,854.194,9.062810351,0.99999686,3.731508,
Mangrove_1,N2O,Light,3,2024-06-07 11:03,4,1,0,7.275659084,16.78335757,0.999994324,7.143986607,
Mangrove_1,N2O,Light,3,2024-06-07 11:03,4,2,0,7.019638538,16.78335757,0.999994324,7.143986607,
Mangrove_1,N2O,Light,3,2024-06-07 11:03,4,3,0,7.065087795,16.78335757,0.999994324,7.143986607,
Mangrove_1,N2O,Light,3,2024-06-07 11:03,4,4,0,7.10579586,16.78335757,0.999994324,7.143986607,
Mangrove_1,N2O,Light,3,2024-06-07 11:03,4,5,0,7.253751755,16.78335757,0.999994324,7.143986607,
Mangrove_1,N2O,Light,3,2024-06-07 11:03,4,6,6.67,118.9229126,16.78335757,0.999994324,7.143986607,
Mangrove_1,N2O,Light,3,2024-06-07 11:03,4,7,6.67,119.2639465,16.78335757,0.999994324,7.143986607,
Mangrove_1,N2O,Light,3,2024-06-07 11:03,4,8,6.67,118.931572,16.78335757,0.999994324,7.143986607,
Mangrove_1,N2O,Light,3,2024-06-07 11:03,4,9,6.67,119.0381699,16.78335757,0.999994324,7.143986607,
Mangrove_1,N2O,Light,3,2024-06-07 11:03,4,10,6.67,119.2883072,16.78335757,0.999994324,7.143986607,
Mangrove_2,Sulfide,,1,2024-06-13 16:02,3,1,0,4.59279,9.062810351,0.99999686,3.731508,
Mangrove_2,Sulfide,,1,2024-06-13 16:02,3,2,0,3.25252,9.062810351,0.99999686,3.731508,
Mangrove_2,Sulfide,,1,2024-06-13 16:02,3,3,0,3.288,9.062810351,0.99999686,3.731508,
Mangrove_2,Sulfide,,1,2024-06-13 16:02,3,4,0,4.58102,9.062810351,0.99999686,3.731508,
Mangrove_2,Sulfide,,1,2024-06-13 16:02,3,5,0,2.94321,9.062810351,0.99999686,3.731508,
Mangrove_2,Sulfide,,1,2024-06-13 16:02,3,6,93.9,855.393,9.062810351,0.99999686,3.731508,
Mangrove_2,Sulfide,,1,2024-06-13 16:02,3,7,93.9,855.73,9.062810351,0.99999686,3.731508,
Mangrove_2,Sulfide,,1,2024-06-13 16:02,3,8,93.9,853.529,9.062810351,0.99999686,3.731508,
Mangrove_2,Sulfide,,1,2024-06-13 16:02,3,9,93.9,854.801,9.062810351,0.99999686,3.731508,
Mangrove_2,Sulfide,,1,2024-06-13 16:02,3,10,93.9,854.194,9.062810351,0.99999686,3.731508,
Mangrove_2,N2O,Dark,1,2024-06-13 16:02,4,1,0,6.34084034,0.019515903,0.994548093,6.323559666,
Mangrove_2,N2O,Dark,1,2024-06-13 16:02,4,2,0,6.470158577,0.019515903,0.994548093,6.323559666,
Mangrove_2,N2O,Dark,1,2024-06-13 16:02,4,3,0,6.344110012,0.019515903,0.994548093,6.323559666,
Mangrove_2,N2O,Dark,1,2024-06-13 16:02,4,4,0,6.284110069,0.019515903,0.994548093,6.323559666,
Mangrove_2,N2O,Dark,1,2024-06-13 16:02,4,5,0,6.183402061,0.019515903,0.994548093,6.323559666,
Mangrove_2,N2O,Dark,1,2024-06-13 16:02,4,6,0,6.439423084,0.019515903,0.994548093,6.323559666,
Mangrove_2,N2O,Dark,1,2024-06-13 16:02,4,7,0,6.335118294,0.019515903,0.994548093,6.323559666,
Mangrove_2,N2O,Dark,1,2024-06-13 16:02,4,8,0,6.09610033,0.019515903,0.994548093,6.323559666,
Mangrove_2,N2O,Dark,1,2024-06-13 16:02,4,9,0,6.438605309,0.019515903,0.994548093,6.323559666,
Mangrove_2,N2O,Dark,1,2024-06-13 16:02,4,10,0,6.30372858,0.019515903,0.994548093,6.323559666,
Mangrove_2,N2O,Dark,1,2024-06-13 16:02,4,11,136,8.986877441,0.019515903,0.994548093,6.323559666,
Mangrove_2,N2O,Dark,1,2024-06-13 16:02,4,12,136,8.931945801,0.019515903,0.994548093,6.323559666,
Mangrove_2,N2O,Dark,1,2024-06-13 16:02,4,13,136,8.997341156,0.019515903,0.994548093,6.323559666,
Mangrove_2,N2O,Dark,1,2024-06-13 16:02,4,14,136,9.034452438,0.019515903,0.994548093,6.323559666,
Mangrove_2,N2O,Dark,1,2024-06-13 16:02,4,15,136,9.089711189,0.019515903,0.994548093,6.323559666,
Mangrove_2,N2O,Dark,1,2024-06-13 16:02,4,16,136,9.008948326,0.019515903,0.994548093,6.323559666,
Mangrove_2,N2O,Dark,1,2024-06-13 16:02,4,17,136,8.848403931,0.019515903,0.994548093,6.323559666,
Mangrove_2,N2O,Dark,1,2024-06-13 16:02,4,18,136,8.96382618,0.019515903,0.994548093,6.323559666,
Mangrove_2,N2O,Dark,1,2024-06-13 16:02,4,19,136,8.827968597,0.019515903,0.994548093,6.323559666,
Mangrove_2,N2O,Dark,1,2024-06-13 16:02,4,20,136,9.087749481,0.019515903,0.994548093,6.323559666,
Mangrove_2,O2,Light,1,2024-06-13 16:02,1,1,204.25,141.2272034,0.666361126,0.999996962,5.110257244,
Mangrove_2,O2,Light,1,2024-06-13 16:02,1,2,204.25,141.4367981,0.666361126,0.999996962,5.110257244,
Mangrove_2,O2,Light,1,2024-06-13 16:02,1,3,204.25,141.1992493,0.666361126,0.999996962,5.110257244,
Mangrove_2,O2,Light,1,2024-06-13 16:02,1,4,204.25,141.175705,0.666361126,0.999996962,5.110257244,
Mangrove_2,O2,Light,1,2024-06-13 16:02,1,5,204.25,141.0336304,0.666361126,0.999996962,5.110257244,
Mangrove_2,O2,Light,1,2024-06-13 16:02,1,6,0,5.225123405,0.666361126,0.999996962,5.110257244,
Mangrove_2,O2,Light,1,2024-06-13 16:02,1,7,0,5.185559273,0.666361126,0.999996962,5.110257244,
Mangrove_2,O2,Light,1,2024-06-13 16:02,1,8,0,5.099892139,0.666361126,0.999996962,5.110257244,
Mangrove_2,O2,Light,1,2024-06-13 16:02,1,9,0,5.124088287,0.666361126,0.999996962,5.110257244,
Mangrove_2,O2,Light,1,2024-06-13 16:02,1,10,0,4.916623116,0.666361126,0.999996962,5.110257244,
Mangrove_2,Sulfide,Light,2,2024-06-13 16:02,3,1,0,4.59279,9.062810351,0.99999686,3.731508,
Mangrove_2,Sulfide,Light,2,2024-06-13 16:02,3,2,0,3.25252,9.062810351,0.99999686,3.731508,
Mangrove_2,Sulfide,Light,2,2024-06-13 16:02,3,3,0,3.288,9.062810351,0.99999686,3.731508,
Mangrove_2,Sulfide,Light,2,2024-06-13 16:02,3,4,0,4.58102,9.062810351,0.99999686,3.731508,
Mangrove_2,Sulfide,Light,2,2024-06-13 16:02,3,5,0,2.94321,9.062810351,0.99999686,3.731508,
Mangrove_2,Sulfide,Light,2,2024-06-13 16:02,3,6,93.9,855.393,9.062810351,0.99999686,3.731508,
Mangrove_2,Sulfide,Light,2,2024-06-13 16:02,3,7,93.9,855.73,9.062810351,0.99999686,3.731508,
Mangrove_2,Sulfide,Light,2,2024-06-13 16:02,3,8,93.9,853.529,9.062810351,0.99999686,3.731508,
Mangrove_2,Sulfide,Light,2,2024-06-13 16:02,3,9,93.9,854.801,9.062810351,0.99999686,3.731508,
Mangrove_2,Sulfide,Light,2,2024-06-13 16:02,3,10,93.9,854.194,9.062810351,0.99999686,3.731508,
Mangrove_2,N2O,Light,1,2024-06-13 16:02,4,1,0,6.34084034,0.019515903,0.994548093,6.323559666,
Mangrove_2,N2O,Light,1,2024-06-13 16:02,4,2,0,6.470158577,0.019515903,0.994548093,6.323559666,
Mangrove_2,N2O,Light,1,2024-06-13 16:02,4,3,0,6.344110012,0.019515903,0.994548093,6.323559666,
Mangrove_2,N2O,Light,1,2024-06-13 16:02,4,4,0,6.284110069,0.019515903,0.994548093,6.323559666,
Mangrove_2,N2O,Light,1,2024-06-13 16:02,4,5,0,6.183402061,0.019515903,0.994548093,6.323559666,
Mangrove_2,N2O,Light,1,2024-06-13 16:02,4,6,0,6.439423084,0.019515903,0.994548093,6.323559666,
Mangrove_2,N2O,Light,1,2024-06-13 16:02,4,7,0,6.335118294,0.019515903,0.994548093,6.323559666,
Mangrove_2,N2O,Light,1,2024-06-13 16:02,4,8,0,6.09610033,0.019515903,0.994548093,6.323559666,
Mangrove_2,N2O,Light,1,2024-06-13 16:02,4,9,0,6.438605309,0.019515903,0.994548093,6.323559666,
Mangrove_2,N2O,Light,1,2024-06-13 16:02,4,10,0,6.30372858,0.019515903,0.994548093,6.323559666,
Mangrove_2,N2O,Light,1,2024-06-13 16:02,4,11,136,8.986877441,0.019515903,0.994548093,6.323559666,
Mangrove_2,N2O,Light,1,2024-06-13 16:02,4,12,136,8.931945801,0.019515903,0.994548093,6.323559666,
Mangrove_2,N2O,Light,1,2024-06-13 16:02,4,13,136,8.997341156,0.019515903,0.994548093,6.323559666,
Mangrove_2,N2O,Light,1,2024-06-13 16:02,4,14,136,9.034452438,0.019515903,0.994548093,6.323559666,
Mangrove_2,N2O,Light,1,2024-06-13 16:02,4,15,136,9.089711189,0.019515903,0.994548093,6.323559666,
Mangrove_2,N2O,Light,1,2024-06-13 16:02,4,16,136,9.008948326,0.019515903,0.994548093,6.323559666,
Mangrove_2,N2O,Light,1,2024-06-13 16:02,4,17,136,8.848403931,0.019515903,0.994548093,6.323559666,
Mangrove_2,N2O,Light,1,2024-06-13 16:02,4,18,136,8.96382618,0.019515903,0.994548093,6.323559666,
Mangrove_2,N2O,Light,1,2024-06-13 16:02,4,19,136,8.827968597,0.019515903,0.994548093,6.323559666,
Mangrove_2,N2O,Light,1,2024-06-13 16:02,4,20,136,9.087749481,0.019515903,0.994548093,6.323559666,
Mangrove_2,O2,Dark,1,2024-06-13 16:02,1,1,204.25,141.2272034,0.666361126,0.999996962,5.110257244,
Mangrove_2,O2,Dark,1,2024-06-13 16:02,1,2,204.25,141.4367981,0.666361126,0.999996962,5.110257244,
Mangrove_2,O2,Dark,1,2024-06-13 16:02,1,3,204.25,141.1992493,0.666361126,0.999996962,5.110257244,
Mangrove_2,O2,Dark,1,2024-06-13 16:02,1,4,204.25,141.175705,0.666361126,0.999996962,5.110257244,
Mangrove_2,O2,Dark,1,2024-06-13 16:02,1,5,204.25,141.0336304,0.666361126,0.999996962,5.110257244,
Mangrove_2,O2,Dark,1,2024-06-13 16:02,1,6,0,5.225123405,0.666361126,0.999996962,5.110257244,
Mangrove_2,O2,Dark,1,2024-06-13 16:02,1,7,0,5.185559273,0.666361126,0.999996962,5.110257244,
Mangrove_2,O2,Dark,1,2024-06-13 16:02,1,8,0,5.099892139,0.666361126,0.999996962,5.110257244,
Mangrove_2,O2,Dark,1,2024-06-13 16:02,1,9,0,5.124088287,0.666361126,0.999996962,5.110257244,
Mangrove_2,O2,Dark,1,2024-06-13 16:02,1,10,0,4.916623116,0.666361126,0.999996962,5.110257244,
Mangrove_2,NO,Dark,2,2024-06-13 16:02,3,1,0,28.61001396,0.1455091,0.995156898,29.25042025,
Mangrove_2,NO,Dark,2,2024-06-13 16:02,3,2,0,29.30123711,0.1455091,0.995156898,29.25042025,
Mangrove_2,NO,Dark,2,2024-06-13 16:02,3,3,0,29.22031212,0.1455091,0.995156898,29.25042025,
Mangrove_2,NO,Dark,2,2024-06-13 16:02,3,4,0,29.65731239,0.1455091,0.995156898,29.25042025,
Mangrove_2,NO,Dark,2,2024-06-13 16:02,3,5,0,29.41829491,0.1455091,0.995156898,29.25042025,
Mangrove_2,NO,Dark,2,2024-06-13 16:02,3,6,0,29.29535103,0.1455091,0.995156898,29.25042025,
Mangrove_2,NO,Dark,2,2024-06-13 16:02,3,7,82,41.75387955,0.1455091,0.995156898,29.25042025,
Mangrove_2,NO,Dark,2,2024-06-13 16:02,3,8,82,41.03502655,0.1455091,0.995156898,29.25042025,
Mangrove_2,NO,Dark,2,2024-06-13 16:02,3,9,82,41.6616745,0.1455091,0.995156898,29.25042025,
Mangrove_2,NO,Dark,2,2024-06-13 16:02,3,10,82,40.70838165,0.1455091,0.995156898,29.25042025,
Mangrove_2,NO,Dark,2,2024-06-13 16:02,3,11,82,40.43143463,0.1455091,0.995156898,29.25042025,
Mangrove_2,NO,Dark,2,2024-06-13 16:02,3,12,82,41.50260162,0.1455091,0.995156898,29.25042025,
Mangrove_2,Sulfide,Dark,3,2024-06-13 16:02,4,1,0,0.353136063,1.111421482,0.999796171,0.27685301,
Mangrove_2,Sulfide,Dark,3,2024-06-13 16:02,4,2,0,0.264199108,1.111421482,0.999796171,0.27685301,
Mangrove_2,Sulfide,Dark,3,2024-06-13 16:02,4,3,0,0.20861353,1.111421482,0.999796171,0.27685301,
Mangrove_2,Sulfide,Dark,3,2024-06-13 16:02,4,4,0,0.241964877,1.111421482,0.999796171,0.27685301,
Mangrove_2,Sulfide,Dark,3,2024-06-13 16:02,4,5,0,0.316351473,1.111421482,0.999796171,0.27685301,
Mangrove_2,Sulfide,Dark,3,2024-06-13 16:02,4,6,92.7,103.9071274,1.111421482,0.999796171,0.27685301,
Mangrove_2,Sulfide,Dark,3,2024-06-13 16:02,4,7,92.7,103.8026581,1.111421482,0.999796171,0.27685301,
Mangrove_2,Sulfide,Dark,3,2024-06-13 16:02,4,8,92.7,101.2457199,1.111421482,0.999796171,0.27685301,
Mangrove_2,Sulfide,Dark,3,2024-06-13 16:02,4,9,92.7,103.9895248,1.111421482,0.999796171,0.27685301,
Mangrove_2,Sulfide,Dark,3,2024-06-13 16:02,4,10,92.7,103.5830917,1.111421482,0.999796171,0.27685301,
Mangrove_3,NO,Dark,1,2024-06-21 14:36,1,1,82,2.772007942,0.009486983,0.961827894,1.993850663,Flume 4 Core 1
Mangrove_3,NO,Dark,1,2024-06-21 14:36,1,2,82,2.697948456,0.009486983,0.961827894,1.993850663,
Mangrove_3,NO,Dark,1,2024-06-21 14:36,1,3,82,2.828901529,0.009486983,0.961827894,1.993850663,
Mangrove_3,NO,Dark,1,2024-06-21 14:36,1,4,82,2.858165741,0.009486983,0.961827894,1.993850663,
Mangrove_3,NO,Dark,1,2024-06-21 14:36,1,5,82,2.76497817,0.009486983,0.961827894,1.993850663,
Mangrove_3,NO,Dark,1,2024-06-21 14:36,1,6,82,2.877293587,0.009486983,0.961827894,1.993850663,
Mangrove_3,NO,Dark,1,2024-06-21 14:36,1,7,82,2.697458029,0.009486983,0.961827894,1.993850663,
Mangrove_3,NO,Dark,1,2024-06-21 14:36,1,8,82,2.677512646,0.009486983,0.961827894,1.993850663,
Mangrove_3,NO,Dark,1,2024-06-21 14:36,1,9,0,1.969123244,0.009486983,0.961827894,1.993850663,
Mangrove_3,NO,Dark,1,2024-06-21 14:36,1,10,0,1.88983202,0.009486983,0.961827894,1.993850663,
Mangrove_3,NO,Dark,1,2024-06-21 14:36,1,11,0,1.914355159,0.009486983,0.961827894,1.993850663,
Mangrove_3,NO,Dark,1,2024-06-21 14:36,1,12,0,1.917624831,0.009486983,0.961827894,1.993850663,
Mangrove_3,NO,Dark,1,2024-06-21 14:36,1,13,0,2.075716734,0.009486983,0.961827894,1.993850663,
Mangrove_3,NO,Dark,1,2024-06-21 14:36,1,14,0,1.983673573,0.009486983,0.961827894,1.993850663,
Mangrove_3,NO,Dark,1,2024-06-21 14:36,1,15,0,2.07473588,0.009486983,0.961827894,1.993850663,
Mangrove_3,NO,Dark,1,2024-06-21 14:36,1,16,0,2.125743866,0.009486983,0.961827894,1.993850663,
Mangrove_3,O2,Dark,1,2024-06-21 14:36,4,1,209.15,142.1802521,0.666478033,0.999999364,2.790686703,
Mangrove_3,O2,Dark,1,2024-06-21 14:36,4,2,209.15,142.127121,0.666478033,0.999999364,2.790686703,
Mangrove_3,O2,Dark,1,2024-06-21 14:36,4,3,209.15,142.2381287,0.666478033,0.999999364,2.790686703,
Mangrove_3,O2,Dark,1,2024-06-21 14:36,4,4,209.15,142.175827,0.666478033,0.999999364,2.790686703,
Mangrove_3,O2,Dark,1,2024-06-21 14:36,4,5,209.15,142.2015076,0.666478033,0.999999364,2.790686703,
Mangrove_3,O2,Dark,1,2024-06-21 14:36,4,6,0,2.718294621,0.666478033,0.999999364,2.790686703,
Mangrove_3,O2,Dark,1,2024-06-21 14:36,4,7,0,2.706196547,0.666478033,0.999999364,2.790686703,
Mangrove_3,O2,Dark,1,2024-06-21 14:36,4,8,0,2.88243556,0.666478033,0.999999364,2.790686703,
Mangrove_3,O2,Dark,1,2024-06-21 14:36,4,9,0,2.796768427,0.666478033,0.999999364,2.790686703,
Mangrove_3,O2,Dark,1,2024-06-21 14:36,4,10,0,2.849738359,0.666478033,0.999999364,2.790686703,
Mangrove_3,NO,Dark,1,2024-06-21 14:36,1,1,0,1.419316411,0.004192947,0.993750693,1.572013274,Flume  3 Core 1
Mangrove_3,NO,Dark,1,2024-06-21 14:36,1,2,0,1.705909133,0.004192947,0.993750693,1.572013274,
Mangrove_3,NO,Dark,1,2024-06-21 14:36,1,3,0,1.561713576,0.004192947,0.993750693,1.572013274,
Mangrove_3,NO,Dark,1,2024-06-21 14:36,1,4,0,1.59686327,0.004192947,0.993750693,1.572013274,
Mangrove_3,NO,Dark,1,2024-06-21 14:36,1,5,0,1.575119495,0.004192947,0.993750693,1.572013274,
Mangrove_3,NO,Dark,1,2024-06-21 14:36,1,6,0,1.611250162,0.004192947,0.993750693,1.572013274,
Mangrove_3,NO,Dark,1,2024-06-21 14:36,1,7,0,1.609288335,0.004192947,0.993750693,1.572013274,
Mangrove_3,NO,Dark,1,2024-06-21 14:36,1,8,0,1.496645808,0.004192947,0.993750693,1.572013274,
Mangrove_3,NO,Dark,1,2024-06-21 14:36,1,9,404,3.223068714,0.004192947,0.993750693,1.572013274,
Mangrove_3,NO,Dark,1,2024-06-21 14:36,1,10,404,3.34388566,0.004192947,0.993750693,1.572013274,
Mangrove_3,NO,Dark,1,2024-06-21 14:36,1,11,404,3.18791914,0.004192947,0.993750693,1.572013274,
Mangrove_3,NO,Dark,1,2024-06-21 14:36,1,12,404,3.257564545,0.004192947,0.993750693,1.572013274,
Mangrove_3,NO,Dark,1,2024-06-21 14:36,1,13,404,3.251352072,0.004192947,0.993750693,1.572013274,
Mangrove_3,NO,Dark,1,2024-06-21 14:36,1,14,404,3.338981152,0.004192947,0.993750693,1.572013274,
Mangrove_3,NO,Dark,1,2024-06-21 14:36,1,15,404,3.231243134,0.004192947,0.993750693,1.572013274,
Mangrove_3,NO,Dark,1,2024-06-21 14:36,1,16,404,3.293695211,0.004192947,0.993750693,1.572013274,
Mangrove_3,NO,Dark,1,2024-06-21 14:36,1,1,0,1.737462163,0.009189317,0.999397738,1.855745018,
Mangrove_3,NO,Dark,1,2024-06-21 14:36,1,2,0,1.913047194,0.009189317,0.999397738,1.855745018,
Mangrove_3,NO,Dark,1,2024-06-21 14:36,1,3,0,1.86122179,0.009189317,0.999397738,1.855745018,
Mangrove_3,NO,Dark,1,2024-06-21 14:36,1,4,0,1.851085663,0.009189317,0.999397738,1.855745018,
Mangrove_3,NO,Dark,1,2024-06-21 14:36,1,5,0,1.920567632,0.009189317,0.999397738,1.855745018,
Mangrove_3,NO,Dark,1,2024-06-21 14:36,1,6,0,1.814464569,0.009189317,0.999397738,1.855745018,
Mangrove_3,NO,Dark,1,2024-06-21 14:36,1,7,0,1.863020182,0.009189317,0.999397738,1.855745018,
Mangrove_3,NO,Dark,1,2024-06-21 14:36,1,8,0,1.885090947,0.009189317,0.999397738,1.855745018,
Mangrove_3,NO,Dark,1,2024-06-21 14:36,1,9,404,5.540497303,0.009189317,0.999397738,1.855745018,
Mangrove_3,NO,Dark,1,2024-06-21 14:36,1,10,404,5.533303738,0.009189317,0.999397738,1.855745018,
Mangrove_3,NO,Dark,1,2024-06-21 14:36,1,11,404,5.598371983,0.009189317,0.999397738,1.855745018,Flume 2 Core 1
Mangrove_3,NO,Dark,1,2024-06-21 14:36,1,12,404,5.54572916,0.009189317,0.999397738,1.855745018,
Mangrove_3,NO,Dark,1,2024-06-21 14:36,1,13,404,5.562895298,0.009189317,0.999397738,1.855745018,
Mangrove_3,NO,Dark,1,2024-06-21 14:36,1,14,404,5.612267971,0.009189317,0.999397738,1.855745018,
Mangrove_3,NO,Dark,1,2024-06-21 14:36,1,15,404,5.534121513,0.009189317,0.999397738,1.855745018,
Mangrove_3,NO,Dark,1,2024-06-21 14:36,1,16,404,5.618644238,0.009189317,0.999397738,1.855745018,
Mangrove_3,O2,Light,1,2024-06-21 14:36,4,1,209.15,142.1802521,0.666478033,0.999999364,2.790686703,Used same calibration as dark period
Mangrove_3,O2,Light,1,2024-06-21 14:36,4,2,209.15,142.127121,0.666478033,0.999999364,2.790686703,
Mangrove_3,O2,Light,1,2024-06-21 14:36,4,3,209.15,142.2381287,0.666478033,0.999999364,2.790686703,
Mangrove_3,O2,Light,1,2024-06-21 14:36,4,4,209.15,142.175827,0.666478033,0.999999364,2.790686703,
Mangrove_3,O2,Light,1,2024-06-21 14:36,4,5,209.15,142.2015076,0.666478033,0.999999364,2.790686703,
Mangrove_3,O2,Light,1,2024-06-21 14:36,4,6,0,2.718294621,0.666478033,0.999999364,2.790686703,
Mangrove_3,O2,Light,1,2024-06-21 14:36,4,7,0,2.706196547,0.666478033,0.999999364,2.790686703,
Mangrove_3,O2,Light,1,2024-06-21 14:36,4,8,0,2.88243556,0.666478033,0.999999364,2.790686703,
Mangrove_3,O2,Light,1,2024-06-21 14:36,4,9,0,2.796768427,0.666478033,0.999999364,2.790686703,
Mangrove_3,O2,Light,1,2024-06-21 14:36,4,10,0,2.849738359,0.666478033,0.999999364,2.790686703,
Mangrove_4,NO,Dark,1,2024-06-27 13:34,1,1,0,3.038164854,0.000637349,0.857127883,3.052653968,
Mangrove_4,NO,Dark,1,2024-06-27 13:34,1,2,0,3.128246307,0.000637349,0.857127883,3.052653968,
Mangrove_4,NO,Dark,1,2024-06-27 13:34,1,3,0,3.025413036,0.000637349,0.857127883,3.052653968,
Mangrove_4,NO,Dark,1,2024-06-27 13:34,1,4,0,3.071025848,0.000637349,0.857127883,3.052653968,
Mangrove_4,NO,Dark,1,2024-06-27 13:34,1,5,0,3.099308968,0.000637349,0.857127883,3.052653968,
Mangrove_4,NO,Dark,1,2024-06-27 13:34,1,6,0,3.024268627,0.000637349,0.857127883,3.052653968,
Mangrove_4,NO,Dark,1,2024-06-27 13:34,1,7,0,3.011843443,0.000637349,0.857127883,3.052653968,
Mangrove_4,NO,Dark,1,2024-06-27 13:34,1,8,0,3.022960663,0.000637349,0.857127883,3.052653968,
Mangrove_4,NO,Dark,1,2024-06-27 13:34,1,9,473,3.385084391,0.000637349,0.857127883,3.052653968,
Mangrove_4,NO,Dark,1,2024-06-27 13:34,1,10,473,3.274240255,0.000637349,0.857127883,3.052653968,
Mangrove_4,NO,Dark,1,2024-06-27 13:34,1,11,473,3.44116044,0.000637349,0.857127883,3.052653968,
Mangrove_4,NO,Dark,1,2024-06-27 13:34,1,12,473,3.369226217,0.000637349,0.857127883,3.052653968,
Mangrove_4,NO,Dark,1,2024-06-27 13:34,1,13,473,3.247101307,0.000637349,0.857127883,3.052653968,
Mangrove_4,NO,Dark,1,2024-06-27 13:34,1,14,473,3.366610289,0.000637349,0.857127883,3.052653968,
Mangrove_4,NO,Dark,1,2024-06-27 13:34,1,15,473,3.330643177,0.000637349,0.857127883,3.052653968,
Mangrove_4,NO,Dark,1,2024-06-27 13:34,1,16,473,3.470915079,0.000637349,0.857127883,3.052653968,
Mangrove_4,NO,Dark,1,2024-06-27 13:34,1,17,473,3.249063253,0.000637349,0.857127883,3.052653968,
Mangrove_4,NO,Dark,1,2024-06-27 13:34,1,18,473,3.407155037,0.000637349,0.857127883,3.052653968,
Mangrove_4,NO,Dark,2,2024-06-27 13:34,2,1,473,22.38733101,0.010146708,0.988751378,17.29541842,
Mangrove_4,NO,Dark,2,2024-06-27 13:34,2,2,473,22.19130898,0.010146708,0.988751378,17.29541842,
Mangrove_4,NO,Dark,2,2024-06-27 13:34,2,3,473,22.05823135,0.010146708,0.988751378,17.29541842,
Mangrove_4,NO,Dark,2,2024-06-27 13:34,2,4,473,22.19703102,0.010146708,0.988751378,17.29541842,
Mangrove_4,NO,Dark,2,2024-06-27 13:34,2,5,473,22.02422523,0.010146708,0.988751378,17.29541842,
Mangrove_4,NO,Dark,2,2024-06-27 13:34,2,6,473,21.542593,0.010146708,0.988751378,17.29541842,
Mangrove_4,NO,Dark,2,2024-06-27 13:34,2,7,473,22.03959465,0.010146708,0.988751378,17.29541842,
Mangrove_4,NO,Dark,2,2024-06-27 13:34,2,8,473,22.31817627,0.010146708,0.988751378,17.29541842,
Mangrove_4,NO,Dark,2,2024-06-27 13:34,2,9,0,17.45247459,0.010146708,0.988751378,17.29541842,
Mangrove_4,NO,Dark,2,2024-06-27 13:34,2,10,0,17.13759804,0.010146708,0.988751378,17.29541842,
Mangrove_4,NO,Dark,2,2024-06-27 13:34,2,11,0,17.75983047,0.010146708,0.988751378,17.29541842,
Mangrove_4,NO,Dark,2,2024-06-27 13:34,2,12,0,16.89988899,0.010146708,0.988751378,17.29541842,
Mangrove_4,NO,Dark,2,2024-06-27 13:34,2,13,0,17.31089592,0.010146708,0.988751378,17.29541842,
Mangrove_4,NO,Dark,2,2024-06-27 13:34,2,14,0,17.21182251,0.010146708,0.988751378,17.29541842,
Mangrove_4,O2,Dark,1,2024-06-27 13:34,4,1,0,2.552028418,0.618107851,0.999999297,2.57608823,
Mangrove_4,O2,Dark,1,2024-06-27 13:34,4,2,0,2.518840551,0.618107851,0.999999297,2.57608823,
Mangrove_4,O2,Dark,1,2024-06-27 13:34,4,3,0,2.57311821,0.618107851,0.999999297,2.57608823,
Mangrove_4,O2,Dark,1,2024-06-27 13:34,4,4,0,2.579003811,0.618107851,0.999999297,2.57608823,
Mangrove_4,O2,Dark,1,2024-06-27 13:34,4,5,0,2.585052729,0.618107851,0.999999297,2.57608823,
Mangrove_4,O2,Dark,1,2024-06-27 13:34,4,6,0,2.648485661,0.618107851,0.999999297,2.57608823,
Mangrove_4,O2,Dark,1,2024-06-27 13:34,4,7,209.15,131.8078156,0.618107851,0.999999297,2.57608823,
Mangrove_4,O2,Dark,1,2024-06-27 13:34,4,8,209.15,131.7533722,0.618107851,0.999999297,2.57608823,
Mangrove_4,O2,Dark,1,2024-06-27 13:34,4,9,209.15,131.9572449,0.618107851,0.999999297,2.57608823,
Mangrove_4,O2,Dark,1,2024-06-27 13:34,4,10,209.15,131.8437805,0.618107851,0.999999297,2.57608823,
Mangrove_4,O2,Dark,1,2024-06-27 13:34,4,11,209.15,131.8488464,0.618107851,0.999999297,2.57608823,
Mangrove_4,O2,Dark,1,2024-06-27 13:34,4,12,209.15,131.9090118,0.618107851,0.999999297,2.57608823,
Mangrove_5,NO,Dark,1,2024-07-04 13:39,1,1,0,5.736845493,0.001132104,0.813930585,5.701826382,
Mangrove_5,NO,Dark,1,2024-07-04 13:39,1,2,0,5.758915901,0.001132104,0.813930585,5.701826382,
Mangrove_5,NO,Dark,1,2024-07-04 13:39,1,3,0,5.584475517,0.001132104,0.813930585,5.701826382,
Mangrove_5,NO,Dark,1,2024-07-04 13:39,1,4,0,5.789161205,0.001132104,0.813930585,5.701826382,
Mangrove_5,NO,Dark,1,2024-07-04 13:39,1,5,0,5.639733791,0.001132104,0.813930585,5.701826382,
Mangrove_5,NO,Dark,1,2024-07-04 13:39,1,6,473,6.087361336,0.001132104,0.813930585,5.701826382,
Mangrove_5,NO,Dark,1,2024-07-04 13:39,1,7,473,6.152592659,0.001132104,0.813930585,5.701826382,
Mangrove_5,NO,Dark,1,2024-07-04 13:39,1,8,473,6.495425224,0.001132104,0.813930585,5.701826382,
Mangrove_5,NO,Dark,1,2024-07-04 13:39,1,9,473,6.090794563,0.001132104,0.813930585,5.701826382,
Mangrove_5,NO,Dark,1,2024-07-04 13:39,1,10,473,6.210140228,0.001132104,0.813930585,5.701826382,
Mangrove_5,NO,Dark,1,2024-07-04 13:39,1,11,473,6.328505039,0.001132104,0.813930585,5.701826382,
Mangrove_5,NO,Dark,1,2024-07-04 13:39,1,12,473,6.038151741,0.001132104,0.813930585,5.701826382,
Mangrove_5,NO,Dark,1,2024-07-04 13:39,1,13,473,6.322946072,0.001132104,0.813930585,5.701826382,
Mangrove_5,NO,Dark,1,2024-07-04 13:39,1,14,473,6.317714691,0.001132104,0.813930585,5.701826382,
Mangrove_5,NO,Dark,1,2024-07-04 13:39,1,15,473,6.329485893,0.001132104,0.813930585,5.701826382,
Mangrove_5,O2,Dark,1,2024-07-04 13:39,4,1,209.15,131.4574585,0.611194614,0.999999039,3.670868158,
Mangrove_5,O2,Dark,1,2024-07-04 13:39,4,2,209.15,131.4754486,0.611194614,0.999999039,3.670868158,
Mangrove_5,O2,Dark,1,2024-07-04 13:39,4,3,209.15,131.5007782,0.611194614,0.999999039,3.670868158,
Mangrove_5,O2,Dark,1,2024-07-04 13:39,4,4,209.15,131.442749,0.611194614,0.999999039,3.670868158,
Mangrove_5,O2,Dark,1,2024-07-04 13:39,4,5,209.15,131.6346741,0.611194614,0.999999039,3.670868158,
Mangrove_5,O2,Dark,1,2024-07-04 13:39,4,6,0,3.627445936,0.611194614,0.999999039,3.670868158,Flume 1 Core 1
Mangrove_5,O2,Dark,1,2024-07-04 13:39,4,7,0,3.686628342,0.611194614,0.999999039,3.670868158,
Mangrove_5,O2,Dark,1,2024-07-04 13:39,4,8,0,3.688753605,0.611194614,0.999999039,3.670868158,
Mangrove_5,O2,Dark,1,2024-07-04 13:39,4,9,0,3.756273746,0.611194614,0.999999039,3.670868158,
Mangrove_5,O2,Dark,1,2024-07-04 13:39,4,10,0,3.595239162,0.611194614,0.999999039,3.670868158,
Mangrove_5,NO,Dark,1,2024-07-04 13:39,1,1,473,8.554380417,0.003138992,0.987462923,6.82430081,
Mangrove_5,NO,Dark,1,2024-07-04 13:39,1,2,473,8.167734146,0.003138992,0.987462923,6.82430081,
Mangrove_5,NO,Dark,1,2024-07-04 13:39,1,3,473,7.985609531,0.003138992,0.987462923,6.82430081,
Mangrove_5,NO,Dark,1,2024-07-04 13:39,1,4,473,8.307842255,0.003138992,0.987462923,6.82430081,
Mangrove_5,NO,Dark,1,2024-07-04 13:39,1,5,473,8.291983604,0.003138992,0.987462923,6.82430081,
Mangrove_5,NO,Dark,1,2024-07-04 13:39,1,6,473,8.227079391,0.003138992,0.987462923,6.82430081,
Mangrove_5,NO,Dark,1,2024-07-04 13:39,1,7,473,8.419667244,0.003138992,0.987462923,6.82430081,
Mangrove_5,NO,Dark,1,2024-07-04 13:39,1,8,473,8.173456192,0.003138992,0.987462923,6.82430081,
Mangrove_5,NO,Dark,1,2024-07-04 13:39,1,9,473,8.246207237,0.003138992,0.987462923,6.82430081,
Mangrove_5,NO,Dark,1,2024-07-04 13:39,1,10,473,8.380267143,0.003138992,0.987462923,6.82430081,
Mangrove_5,NO,Dark,1,2024-07-04 13:39,1,11,473,8.273673058,0.003138992,0.987462923,6.82430081,
Mangrove_5,NO,Dark,1,2024-07-04 13:39,1,12,473,8.436179161,0.003138992,0.987462923,6.82430081,
Mangrove_5,NO,Dark,1,2024-07-04 13:39,1,13,473,8.485879898,0.003138992,0.987462923,6.82430081,
Mangrove_5,NO,Dark,1,2024-07-04 13:39,1,14,473,8.282011032,0.003138992,0.987462923,6.82430081,
Mangrove_5,NO,Dark,1,2024-07-04 13:39,1,15,473,8.3009758,0.003138992,0.987462923,6.82430081,
Mangrove_5,NO,Dark,1,2024-07-04 13:39,1,16,473,8.062448502,0.003138992,0.987462923,6.82430081,
Mangrove_5,NO,Dark,1,2024-07-04 13:39,1,17,923,9.842658043,0.003138992,0.987462923,6.82430081,
Mangrove_5,NO,Dark,1,2024-07-04 13:39,1,18,923,9.715792656,0.003138992,0.987462923,6.82430081,
Mangrove_5,NO,Dark,1,2024-07-04 13:39,1,19,923,9.587618828,0.003138992,0.987462923,6.82430081,
Mangrove_5,NO,Dark,1,2024-07-04 13:39,1,20,923,9.83382988,0.003138992,0.987462923,6.82430081,
Mangrove_5,NO,Dark,1,2024-07-04 13:39,1,21,923,9.648926735,0.003138992,0.987462923,6.82430081,Flume 3 Core 1
Mangrove_5,NO,Dark,1,2024-07-04 13:39,1,22,923,9.828598976,0.003138992,0.987462923,6.82430081,
Mangrove_5,NO,Dark,1,2024-07-04 13:39,1,23,923,9.656446457,0.003138992,0.987462923,6.82430081,
Mangrove_5,NO,Dark,1,2024-07-04 13:39,1,24,923,9.876009941,0.003138992,0.987462923,6.82430081,
Mangrove_5,NO,Dark,1,2024-07-04 13:39,1,25,923,9.714975357,0.003138992,0.987462923,6.82430081,
Mangrove_5,NO,Dark,1,2024-07-04 13:39,1,26,923,9.700425148,0.003138992,0.987462923,6.82430081,
Mangrove_5,NO,Dark,1,2024-07-04 13:39,1,27,923,9.711215019,0.003138992,0.987462923,6.82430081,
Mangrove_5,NO,Dark,1,2024-07-04 13:39,1,28,0,6.660383701,0.003138992,0.987462923,6.82430081,
Mangrove_5,NO,Dark,1,2024-07-04 13:39,1,29,0,6.67493391,0.003138992,0.987462923,6.82430081,
Mangrove_5,NO,Dark,1,2024-07-04 13:39,1,30,0,6.92670393,0.003138992,0.987462923,6.82430081,
Mangrove_5,NO,Dark,1,2024-07-04 13:39,1,31,0,6.783816338,0.003138992,0.987462923,6.82430081,
Mangrove_5,NO,Dark,1,2024-07-04 13:39,1,32,0,6.774333954,0.003138992,0.987462923,6.82430081,
Mangrove_5,NO,Dark,1,2024-07-04 13:39,1,33,0,6.957930088,0.003138992,0.987462923,6.82430081,
Mangrove_5,NO,Dark,1,2024-07-04 13:39,1,34,0,6.943706512,0.003138992,0.987462923,6.82430081,
Mangrove_5,NO,Dark,1,2024-07-04 13:39,1,35,0,6.960381985,0.003138992,0.987462923,6.82430081,
Mangrove_5,NO,Dark,1,2024-07-04 13:39,1,36,0,6.801636219,0.003138992,0.987462923,6.82430081,
Mangrove_5,NO,Dark,1,2024-07-04 13:39,1,37,0,6.929482937,0.003138992,0.987462923,6.82430081,
Mangrove_5,NO,Light,2,2024-07-01 20:25,1,1,923,11.689,0.0062,1,6.06470013,
Mangrove_5,NO,Light,2,2024-07-01 20:25,1,2,923,11.852,0.0062,1,6.06470013,
Mangrove_5,NO,Light,2,2024-07-01 20:25,1,3,923,11.752,0.0062,1,6.06470013,
Mangrove_5,NO,Light,2,2024-07-01 20:25,1,4,923,11.828,0.0062,1,6.06470013,
Mangrove_5,NO,Light,2,2024-07-01 20:25,1,5,923,11.684,0.0062,1,6.06470013,
Mangrove_5,NO,Light,2,2024-07-01 20:25,1,6,923,11.821,0.0062,1,6.06470013,
Mangrove_5,NO,Light,2,2024-07-01 20:26,1,7,923,11.766,0.0062,1,6.06470013,
Mangrove_5,NO,Light,2,2024-07-01 20:26,1,8,923,11.726,0.0062,1,6.06470013,
Mangrove_5,NO,Light,2,2024-07-01 20:26,1,9,923,11.772,0.0062,1,6.06470013,
Mangrove_5,NO,Light,2,2024-07-01 20:38,1,10,0,5.9713,0.0062,1,6.06470013,
Mangrove_5,NO,Light,2,2024-07-01 20:38,1,11,0,6.0455,0.0062,1,6.06470013,
Mangrove_5,NO,Light,2,2024-07-01 20:38,1,12,0,6.0571,0.0062,1,6.06470013,
Mangrove_5,NO,Light,2,2024-07-01 20:38,1,13,0,6.018,0.0062,1,6.06470013,
Mangrove_5,NO,Light,2,2024-07-01 20:38,1,14,0,6.0256,0.0062,1,6.06470013,
Mangrove_5,NO,Light,2,2024-07-01 20:38,1,15,0,6.2707,0.0062,1,6.06470013,
Mangrove_5,O2,Light,1,2024-07-01 19:31,4,1,207.1490021,138.95,0.6634,1,1.51849997,
Mangrove_5,O2,Light,1,2024-07-01 19:31,4,2,207.1490021,138.96,0.6634,1,1.51849997,
Mangrove_5,O2,Light,1,2024-07-01 19:31,4,3,207.1490021,138.89,0.6634,1,1.51849997,
Mangrove_5,O2,Light,1,2024-07-01 19:31,4,4,207.1490021,138.96,0.6634,1,1.51849997,
Mangrove_5,O2,Light,1,2024-07-01 19:31,4,5,207.1490021,138.93,0.6634,1,1.51849997,
Mangrove_5,O2,Light,1,2024-07-01 19:31,4,6,207.1490021,138.91,0.6634,1,1.51849997,
Mangrove_5,O2,Light,1,2024-07-01 19:31,4,7,207.1490021,138.95,0.6634,1,1.51849997,
Mangrove_5,O2,Light,1,2024-07-01 20:07,4,8,0,1.558,0.6634,1,1.51849997,
Mangrove_5,O2,Light,1,2024-07-01 20:07,4,9,0,1.4934,0.6634,1,1.51849997,
Mangrove_5,O2,Light,1,2024-07-01 20:07,4,10,0,1.5117,0.6634,1,1.51849997,
Mangrove_5,O2,Light,1,2024-07-01 20:07,4,11,0,1.5109,0.6634,1,1.51849997,
Mangrove_6,NO,Dark,1,2024-07-11 9:27,1,1,0,3.304199934,0.003002831,0.991164267,3.208425999,
Mangrove_6,NO,Dark,1,2024-07-11 9:27,1,2,0,3.347500086,0.003002831,0.991164267,3.208425999,
Mangrove_6,NO,Dark,1,2024-07-11 9:27,1,3,0,3.334300041,0.003002831,0.991164267,3.208425999,
Mangrove_6,NO,Dark,1,2024-07-11 9:27,1,4,0,3.255399942,0.003002831,0.991164267,3.208425999,
Mangrove_6,NO,Dark,1,2024-07-11 9:27,1,5,0,3.256299973,0.003002831,0.991164267,3.208425999,
Mangrove_6,NO,Dark,1,2024-07-11 9:27,1,6,0,3.246299982,0.003002831,0.991164267,3.208425999,
Mangrove_6,NO,Dark,1,2024-07-11 9:27,1,7,0,3.201900005,0.003002831,0.991164267,3.208425999,
Mangrove_6,NO,Dark,1,2024-07-11 9:27,1,8,0,3.269299984,0.003002831,0.991164267,3.208425999,
Mangrove_6,NO,Dark,1,2024-07-11 9:33,1,9,473,4.444499969,0.003002831,0.991164267,3.208425999,
Mangrove_6,NO,Dark,1,2024-07-11 9:33,1,10,473,4.521699905,0.003002831,0.991164267,3.208425999,
Mangrove_6,NO,Dark,1,2024-07-11 9:33,1,11,473,4.503600121,0.003002831,0.991164267,3.208425999,
Mangrove_6,NO,Dark,1,2024-07-11 9:33,1,12,473,4.556600094,0.003002831,0.991164267,3.208425999,
Mangrove_6,NO,Dark,1,2024-07-11 9:33,1,13,473,4.441699982,0.003002831,0.991164267,3.208425999,
Mangrove_6,NO,Dark,1,2024-07-11 9:33,1,14,473,4.505700111,0.003002831,0.991164267,3.208425999,
Mangrove_6,NO,Dark,1,2024-07-11 9:33,1,15,473,4.533699989,0.003002831,0.991164267,3.208425999,
Mangrove_6,NO,Dark,1,2024-07-11 9:33,1,16,473,4.553599834,0.003002831,0.991164267,3.208425999,
Mangrove_6,NO,Dark,1,2024-07-11 9:33,1,17,473,4.474199772,0.003002831,0.991164267,3.208425999,
Mangrove_6,NO,Dark,1,2024-07-11 9:37,1,18,923,5.940700054,0.003002831,0.991164267,3.208425999,
Mangrove_6,NO,Dark,1,2024-07-11 9:37,1,19,923,6.066800117,0.003002831,0.991164267,3.208425999,
Mangrove_6,NO,Dark,1,2024-07-11 9:37,1,20,923,6.04640007,0.003002831,0.991164267,3.208425999,
Mangrove_6,NO,Dark,1,2024-07-11 9:37,1,21,923,6.099500179,0.003002831,0.991164267,3.208425999,
Mangrove_6,NO,Dark,1,2024-07-11 9:37,1,22,923,6.104499817,0.003002831,0.991164267,3.208425999,
Mangrove_6,NO,Dark,1,2024-07-11 9:37,1,23,923,6.104400158,0.003002831,0.991164267,3.208425999,
Mangrove_6,NO,Dark,1,2024-07-11 9:37,1,24,923,5.996600151,0.003002831,0.991164267,3.208425999,
Mangrove_6,NO,Dark,1,2024-07-11 9:37,1,25,923,6.057199955,0.003002831,0.991164267,3.208425999,
Mangrove_6,NO,Dark,1,2024-07-11 9:27,4,1,0,6.250699997,0.003153362,0.916523814,6.042114735,
Mangrove_6,NO,Dark,1,2024-07-11 9:27,4,2,0,6.252099991,0.003153362,0.916523814,6.042114735,
Mangrove_6,NO,Dark,1,2024-07-11 9:27,4,3,0,6.259200096,0.003153362,0.916523814,6.042114735,
Mangrove_6,NO,Dark,1,2024-07-11 9:27,4,4,0,6.28910017,0.003153362,0.916523814,6.042114735,
Mangrove_6,NO,Dark,1,2024-07-11 9:27,4,5,0,6.343900204,0.003153362,0.916523814,6.042114735,
Mangrove_6,NO,Dark,1,2024-07-11 9:27,4,6,0,6.381899834,0.003153362,0.916523814,6.042114735,Channel 1 - Calibration 1. Performed after flume 1 was finished profiling.
Mangrove_6,NO,Dark,1,2024-07-11 9:27,4,7,0,6.320799828,0.003153362,0.916523814,6.042114735,
Mangrove_6,NO,Dark,1,2024-07-11 9:28,4,8,0,6.496500015,0.003153362,0.916523814,6.042114735,
Mangrove_6,NO,Dark,1,2024-07-11 9:32,4,9,473,7.009900093,0.003153362,0.916523814,6.042114735,
Mangrove_6,NO,Dark,1,2024-07-11 9:32,4,10,473,6.990300179,0.003153362,0.916523814,6.042114735,
Mangrove_6,NO,Dark,1,2024-07-11 9:32,4,11,473,6.92539978,0.003153362,0.916523814,6.042114735,
Mangrove_6,NO,Dark,1,2024-07-11 9:32,4,12,473,6.91079998,0.003153362,0.916523814,6.042114735,
Mangrove_6,NO,Dark,1,2024-07-11 9:32,4,13,473,6.93930006,0.003153362,0.916523814,6.042114735,
Mangrove_6,NO,Dark,1,2024-07-11 9:32,4,14,473,6.944399834,0.003153362,0.916523814,6.042114735,
Mangrove_6,NO,Dark,1,2024-07-11 9:33,4,15,473,6.937699795,0.003153362,0.916523814,6.042114735,
Mangrove_6,NO,Dark,1,2024-07-11 9:33,4,16,473,6.981500149,0.003153362,0.916523814,6.042114735,
Mangrove_6,NO,Dark,1,2024-07-11 9:37,4,17,923,9.112099648,0.003153362,0.916523814,6.042114735,
Mangrove_6,NO,Dark,1,2024-07-11 9:37,4,18,923,9.271800041,0.003153362,0.916523814,6.042114735,
Mangrove_6,NO,Dark,1,2024-07-11 9:37,4,19,923,9.301199913,0.003153362,0.916523814,6.042114735,
Mangrove_6,NO,Dark,1,2024-07-11 9:37,4,20,923,9.238400459,0.003153362,0.916523814,6.042114735,
Mangrove_6,NO,Dark,1,2024-07-11 9:38,4,21,923,9.315600395,0.003153362,0.916523814,6.042114735,
Mangrove_6,NO,Dark,1,2024-07-11 9:38,4,22,923,9.262599945,0.003153362,0.916523814,6.042114735,
Mangrove_6,NO,Dark,1,2024-07-11 9:38,4,23,923,8.991999626,0.003153362,0.916523814,6.042114735,
Mangrove_6,NO,Dark,1,2024-07-11 9:38,4,24,923,9.05039978,0.003153362,0.916523814,6.042114735,
Mangrove_6,NO,Dark,1,2024-07-11 9:38,4,25,923,9.116200447,0.003153362,0.916523814,6.042114735,
Mangrove_6,NO,Dark,1,2024-07-11 9:38,4,26,923,9.087300301,0.003153362,0.916523814,6.042114735,
Mangrove_6,NO,Dark,1,2024-07-11 9:38,4,27,923,8.963700294,0.003153362,0.916523814,6.042114735,
Mangrove_6,NO,Dark,1,2024-07-11 9:38,4,28,923,9.022000313,0.003153362,0.916523814,6.042114735,
Mangrove_6,NO,Dark,1,2024-07-11 9:38,4,29,923,9.015299797,0.003153362,0.916523814,6.042114735,
Mangrove_6,NO,Dark,1,2024-07-11 9:38,4,30,923,8.961400032,0.003153362,0.916523814,6.042114735,
Mangrove_6,NO,Dark,2,2024-07-11 15:12,1,1,0,3.778599977,0.002450498,0.912954867,3.591943502,Channel 4 - Calibration 1. Performed after flume 1 was finished profiling.
Mangrove_6,NO,Dark,2,2024-07-11 15:12,1,2,0,3.772500038,0.002450498,0.912954867,3.591943502,
Mangrove_6,NO,Dark,2,2024-07-11 15:12,1,3,0,3.784300089,0.002450498,0.912954867,3.591943502,
Mangrove_6,NO,Dark,2,2024-07-11 15:13,1,4,0,3.713000059,0.002450498,0.912954867,3.591943502,
Mangrove_6,NO,Dark,2,2024-07-11 15:13,1,5,0,3.816099882,0.002450498,0.912954867,3.591943502,
Mangrove_6,NO,Dark,2,2024-07-11 15:13,1,6,0,3.841099977,0.002450498,0.912954867,3.591943502,
Mangrove_6,NO,Dark,2,2024-07-11 15:13,1,7,0,3.819900036,0.002450498,0.912954867,3.591943502,
Mangrove_6,NO,Dark,2,2024-07-11 15:13,1,8,0,3.769900084,0.002450498,0.912954867,3.591943502,
Mangrove_6,NO,Dark,2,2024-07-11 15:17,1,9,473,4.338399887,0.002450498,0.912954867,3.591943502,
Mangrove_6,NO,Dark,2,2024-07-11 15:17,1,10,473,4.390500069,0.002450498,0.912954867,3.591943502,
Mangrove_6,NO,Dark,2,2024-07-11 15:17,1,11,473,4.357500076,0.002450498,0.912954867,3.591943502,
Mangrove_6,NO,Dark,2,2024-07-11 15:17,1,12,473,4.352600098,0.002450498,0.912954867,3.591943502,
Mangrove_6,NO,Dark,2,2024-07-11 15:17,1,13,473,4.335100174,0.002450498,0.912954867,3.591943502,
Mangrove_6,NO,Dark,2,2024-07-11 15:17,1,14,473,4.390900135,0.002450498,0.912954867,3.591943502,
Mangrove_6,NO,Dark,2,2024-07-11 15:17,1,15,473,4.341800213,0.002450498,0.912954867,3.591943502,
Mangrove_6,NO,Dark,2,2024-07-11 15:17,1,16,473,4.302000046,0.002450498,0.912954867,3.591943502,
Mangrove_6,NO,Dark,2,2024-07-11 15:21,1,17,923,6.007100105,0.002450498,0.912954867,3.591943502,
Mangrove_6,NO,Dark,2,2024-07-11 15:21,1,18,923,6.004700184,0.002450498,0.912954867,3.591943502,
Mangrove_6,NO,Dark,2,2024-07-11 15:21,1,19,923,6.030499935,0.002450498,0.912954867,3.591943502,
Mangrove_6,NO,Dark,2,2024-07-11 15:21,1,20,923,6.027900219,0.002450498,0.912954867,3.591943502,
Mangrove_6,NO,Dark,2,2024-07-11 15:21,1,21,923,6.08739996,0.002450498,0.912954867,3.591943502,
Mangrove_6,NO,Dark,2,2024-07-11 15:21,1,22,923,6.116899967,0.002450498,0.912954867,3.591943502,
Mangrove_6,NO,Dark,2,2024-07-11 15:21,1,23,923,6.106900215,0.002450498,0.912954867,3.591943502,
Mangrove_6,NO,Dark,2,2024-07-11 15:21,1,24,923,6.088200092,0.002450498,0.912954867,3.591943502,
Mangrove_6,NO,Dark,2,2024-07-11 15:13,4,1,0,8.032799721,0.006869084,0.905322015,7.438732147,
Mangrove_6,NO,Dark,2,2024-07-11 15:13,4,2,0,8.028599739,0.006869084,0.905322015,7.438732147,
Mangrove_6,NO,Dark,2,2024-07-11 15:13,4,3,0,8.027899742,0.006869084,0.905322015,7.438732147,
Mangrove_6,NO,Dark,2,2024-07-11 15:13,4,4,0,8.040800095,0.006869084,0.905322015,7.438732147,
Mangrove_6,NO,Dark,2,2024-07-11 15:13,4,5,0,8.054499626,0.006869084,0.905322015,7.438732147,
Mangrove_6,NO,Dark,2,2024-07-11 15:13,4,6,0,8.056799889,0.006869084,0.905322015,7.438732147,
Mangrove_6,NO,Dark,2,2024-07-11 15:13,4,7,0,8.045499802,0.006869084,0.905322015,7.438732147,Channel 1 - Calibration 2. Performed after flume 4 was finished profiling.
Mangrove_6,NO,Dark,2,2024-07-11 15:13,4,8,0,8.02009964,0.006869084,0.905322015,7.438732147,
Mangrove_6,NO,Dark,2,2024-07-11 15:17,4,9,473,9.456999779,0.006869084,0.905322015,7.438732147,
Mangrove_6,NO,Dark,2,2024-07-11 15:17,4,10,473,9.463899612,0.006869084,0.905322015,7.438732147,
Mangrove_6,NO,Dark,2,2024-07-11 15:17,4,11,473,9.433699608,0.006869084,0.905322015,7.438732147,
Mangrove_6,NO,Dark,2,2024-07-11 15:17,4,12,473,9.454500198,0.006869084,0.905322015,7.438732147,
Mangrove_6,NO,Dark,2,2024-07-11 15:17,4,13,473,9.487400055,0.006869084,0.905322015,7.438732147,
Mangrove_6,NO,Dark,2,2024-07-11 15:17,4,14,473,9.428600311,0.006869084,0.905322015,7.438732147,
Mangrove_6,NO,Dark,2,2024-07-11 15:17,4,15,473,9.466199875,0.006869084,0.905322015,7.438732147,
Mangrove_6,NO,Dark,2,2024-07-11 15:17,4,16,473,9.471699715,0.006869084,0.905322015,7.438732147,
Mangrove_6,NO,Dark,2,2024-07-11 15:22,4,17,923,14.33129978,0.006869084,0.905322015,7.438732147,
Mangrove_6,NO,Dark,2,2024-07-11 15:22,4,18,923,14.38169956,0.006869084,0.905322015,7.438732147,
Mangrove_6,NO,Dark,2,2024-07-11 15:22,4,19,923,14.32629967,0.006869084,0.905322015,7.438732147,
Mangrove_6,NO,Dark,2,2024-07-11 15:22,4,20,923,14.35050011,0.006869084,0.905322015,7.438732147,
Mangrove_6,NO,Dark,2,2024-07-11 15:22,4,21,923,14.31599998,0.006869084,0.905322015,7.438732147,
Mangrove_6,NO,Dark,2,2024-07-11 15:22,4,22,923,14.33370018,0.006869084,0.905322015,7.438732147,
Mangrove_6,NO,Dark,2,2024-07-11 15:22,4,23,923,14.33570004,0.006869084,0.905322015,7.438732147,
Mangrove_6,NO,Dark,2,2024-07-11 15:22,4,24,923,14.36130047,0.006869084,0.905322015,7.438732147,
Mangrove_6,NO,Dark,2,2024-07-11 15:22,4,25,923,14.31589985,0.006869084,0.905322015,7.438732147,
Mangrove_6,NO,Light,1,2024-07-12 16:16,1,1,0,4.4539,0.0021,1,4.45307827,
Mangrove_6,NO,Light,1,2024-07-12 16:16,1,2,0,4.3847,0.0021,1,4.45307827,
Mangrove_6,NO,Light,1,2024-07-12 16:16,1,3,0,4.2979,0.0021,1,4.45307827,
Mangrove_6,NO,Light,1,2024-07-12 16:16,1,4,0,4.3893,0.0021,1,4.45307827,
Mangrove_6,NO,Light,1,2024-07-12 16:16,1,5,0,4.276,0.0021,1,4.45307827,
Mangrove_6,NO,Light,1,2024-07-12 16:16,1,6,0,4.39,0.0021,1,4.45307827,Channel 4 - Calibration 2. Performed after flume 4 was finished profiling.
Mangrove_6,NO,Light,1,2024-07-12 16:16,1,7,0,4.4365,0.0021,1,4.45307827,
Mangrove_6,NO,Light,1,2024-07-12 16:16,1,8,0,4.3983,0.0021,1,4.45307827,
Mangrove_6,NO,Light,1,2024-07-12 16:28,1,9,473,5.4998,0.0021,1,4.45307827,
Mangrove_6,NO,Light,1,2024-07-12 16:28,1,10,473,5.528,0.0021,1,4.45307827,
Mangrove_6,NO,Light,1,2024-07-12 16:28,1,11,473,5.5353,0.0021,1,4.45307827,
Mangrove_6,NO,Light,1,2024-07-12 16:28,1,12,473,5.5463,0.0021,1,4.45307827,
Mangrove_6,NO,Light,1,2024-07-12 16:28,1,13,473,5.5918,0.0021,1,4.45307827,
Mangrove_6,NO,Light,1,2024-07-12 16:28,1,14,473,5.5613,0.0021,1,4.45307827,
Mangrove_6,NO,Light,1,2024-07-12 16:28,1,15,473,5.6424,0.0021,1,4.45307827,
Mangrove_6,NO,Light,1,2024-07-12 16:28,1,16,473,5.6105,0.0021,1,4.45307827,
Mangrove_6,NO,Light,1,2024-07-12 16:28,1,17,473,5.657,0.0021,1,4.45307827,
Mangrove_6,NO,Light,1,2024-07-12 16:34,1,18,923,6.2949,0.0021,1,4.45307827,
Mangrove_6,NO,Light,1,2024-07-12 16:34,1,19,923,6.3046,0.0021,1,4.45307827,
Mangrove_6,NO,Light,1,2024-07-12 16:34,1,20,923,6.1618,0.0021,1,4.45307827,
Mangrove_6,NO,Light,1,2024-07-12 16:34,1,21,923,6.2629,0.0021,1,4.45307827,
Mangrove_6,NO,Light,1,2024-07-12 16:34,1,22,923,6.3537,0.0021,1,4.45307827,
Mangrove_6,NO,Light,1,2024-07-12 16:34,1,23,923,6.3751,0.0021,1,4.45307827,
Mangrove_6,NO,Light,1,2024-07-12 16:34,1,24,923,6.2886,0.0021,1,4.45307827,
Mangrove_6,NO,Light,1,2024-07-12 16:34,1,25,923,6.3366,0.0021,1,4.45307827,
Mangrove_6,NO,Light,2,2024-07-12 16:16,1,1,0,7.3122,0.0032,1,7.41185093,
Mangrove_6,NO,Light,2,2024-07-12 16:16,1,2,0,7.2999,0.0032,1,7.41185093,
Mangrove_6,NO,Light,2,2024-07-12 16:16,1,3,0,7.2564,0.0032,1,7.41185093,
Mangrove_6,NO,Light,2,2024-07-12 16:16,1,4,0,7.2383,0.0032,1,7.41185093,
Mangrove_6,NO,Light,2,2024-07-12 16:16,1,5,0,7.274,0.0032,1,7.41185093,
Mangrove_6,NO,Light,2,2024-07-12 16:16,1,6,0,7.2556,0.0032,1,7.41185093,
Mangrove_6,NO,Light,2,2024-07-12 16:17,1,7,0,7.2578,0.0032,1,7.41185093,
Mangrove_6,NO,Light,2,2024-07-12 16:17,1,8,0,7.2879,0.0032,1,7.41185093,
Mangrove_6,NO,Light,2,2024-07-12 16:17,1,9,0,7.238,0.0032,1,7.41185093,
Mangrove_6,NO,Light,2,2024-07-12 16:29,1,10,473,9.3066,0.0032,1,7.41185093,
Mangrove_6,NO,Light,2,2024-07-12 16:29,1,11,473,9.2508,0.0032,1,7.41185093,
Mangrove_6,NO,Light,2,2024-07-12 16:29,1,12,473,9.222,0.0032,1,7.41185093,
Mangrove_6,NO,Light,2,2024-07-12 16:29,1,13,473,9.3245,0.0032,1,7.41185093,
Mangrove_6,NO,Light,2,2024-07-12 16:29,1,14,473,9.187,0.0032,1,7.41185093,
Mangrove_6,NO,Light,2,2024-07-12 16:29,1,15,473,9.2788,0.0032,1,7.41185093,
Mangrove_6,NO,Light,2,2024-07-12 16:29,1,16,473,9.1514,0.0032,1,7.41185093,
Mangrove_6,NO,Light,2,2024-07-12 16:29,1,17,473,9.2287,0.0032,1,7.41185093,
Mangrove_6,NO,Light,2,2024-07-12 16:34,1,18,923,10.103,0.0032,1,7.41185093,
Mangrove_6,NO,Light,2,2024-07-12 16:34,1,19,923,10.172,0.0032,1,7.41185093,
Mangrove_6,NO,Light,2,2024-07-12 16:34,1,20,923,10.125,0.0032,1,7.41185093,
Mangrove_6,NO,Light,2,2024-07-12 16:34,1,21,923,10.132,0.0032,1,7.41185093,
Mangrove_6,NO,Light,2,2024-07-12 16:34,1,22,923,10.181,0.0032,1,7.41185093,
Mangrove_6,NO,Light,2,2024-07-12 16:35,1,23,923,10.14,0.0032,1,7.41185093,
Mangrove_6,NO,Light,2,2024-07-12 16:35,1,24,923,10.196,0.0032,1,7.41185093,
Mangrove_7,Sulfide,Dark,1,2024-08-06 05:31:46,1,1,0,0.0655,1.585816558,0.999997534,0.09111,
Mangrove_7,Sulfide,Dark,1,2024-08-06 05:31:48,1,2,0,0.1066,1.585816558,0.999997534,0.09111,
Mangrove_7,Sulfide,Dark,1,2024-08-06 05:31:50,1,3,0,0.0419,1.585816558,0.999997534,0.09111,
Mangrove_7,Sulfide,Dark,1,2024-08-06 05:31:53,1,4,0,0.1429,1.585816558,0.999997534,0.09111,
Mangrove_7,Sulfide,Dark,1,2024-08-06 05:31:55,1,5,0,0.0821,1.585816558,0.999997534,0.09111,
Mangrove_7,Sulfide,Dark,1,2024-08-06 05:31:59,1,6,0,0.0621,1.585816558,0.999997534,0.09111,
Mangrove_7,Sulfide,Dark,1,2024-08-06 05:32:01,1,7,0,0.0826,1.585816558,0.999997534,0.09111,
Mangrove_7,Sulfide,Dark,1,2024-08-06 05:32:04,1,8,0,0.1195,1.585816558,0.999997534,0.09111,
Mangrove_7,Sulfide,Dark,1,2024-08-06 05:32:06,1,9,0,0.0897,1.585816558,0.999997534,0.09111,
Mangrove_7,Sulfide,Dark,1,2024-08-06 05:32:08,1,10,0,0.1182,1.585816558,0.999997534,0.09111,
Mangrove_7,Sulfide,Dark,1,2024-08-06 05:37:48,1,11,92.4,146.4214,1.585816558,0.999997534,0.09111,
Mangrove_7,Sulfide,Dark,1,2024-08-06 05:37:50,1,12,92.4,146.4081,1.585816558,0.999997534,0.09111,
Mangrove_7,Sulfide,Dark,1,2024-08-06 05:37:53,1,13,92.4,146.4683,1.585816558,0.999997534,0.09111,
Mangrove_7,Sulfide,Dark,1,2024-08-06 05:37:54,1,14,92.4,146.5393,1.585816558,0.999997534,0.09111,
Mangrove_7,Sulfide,Dark,1,2024-08-06 05:37:56,1,15,92.4,146.5705,1.585816558,0.999997534,0.09111,
Mangrove_7,Sulfide,Dark,1,2024-08-06 05:37:58,1,16,92.4,146.6479,1.585816558,0.999997534,0.09111,
Mangrove_7,Sulfide,Dark,1,2024-08-06 05:37:59,1,17,92.4,146.7011,1.585816558,0.999997534,0.09111,
Mangrove_7,Sulfide,Dark,1,2024-08-06 05:38:01,1,18,92.4,146.7335,1.585816558,0.999997534,0.09111,
Mangrove_7,Sulfide,Dark,1,2024-08-06 05:38:03,1,19,92.4,146.8005,1.585816558,0.999997534,0.09111,
Mangrove_7,Sulfide,Dark,1,2024-08-06 05:38:05,1,20,92.4,146.915,1.585816558,0.999997534,0.09111,
Mangrove_7,Sulfide,Dark,2,2024-08-07 05:05:36,1,1,0,-1.1161,1.630912134,0.999998545,-1.13228,
Mangrove_7,Sulfide,Dark,2,2024-08-07 05:05:37,1,2,0,-1.117,1.630912134,0.999998545,-1.13228,
Mangrove_7,Sulfide,Dark,2,2024-08-07 05:05:39,1,3,0,-1.1285,1.630912134,0.999998545,-1.13228,
Mangrove_7,Sulfide,Dark,2,2024-08-07 05:05:42,1,4,0,-1.1401,1.630912134,0.999998545,-1.13228,
Mangrove_7,Sulfide,Dark,2,2024-08-07 05:05:43,1,5,0,-1.1466,1.630912134,0.999998545,-1.13228,
Mangrove_7,Sulfide,Dark,2,2024-08-07 05:05:45,1,6,0,-1.1657,1.630912134,0.999998545,-1.13228,
Mangrove_7,Sulfide,Dark,2,2024-08-07 05:05:48,1,7,0,-1.1104,1.630912134,0.999998545,-1.13228,
Mangrove_7,Sulfide,Dark,2,2024-08-07 05:05:50,1,8,0,-1.1333,1.630912134,0.999998545,-1.13228,
Mangrove_7,Sulfide,Dark,2,2024-08-07 05:05:51,1,9,0,-1.0962,1.630912134,0.999998545,-1.13228,
Mangrove_7,Sulfide,Dark,2,2024-08-07 05:05:54,1,10,0,-1.1689,1.630912134,0.999998545,-1.13228,
Mangrove_7,Sulfide,Dark,2,2024-08-07 05:27:09,1,11,92.3,149.1878,1.630912134,0.999998545,-1.13228,
Mangrove_7,Sulfide,Dark,2,2024-08-07 05:27:11,1,12,92.3,149.2373,1.630912134,0.999998545,-1.13228,
Mangrove_7,Sulfide,Dark,2,2024-08-07 05:27:13,1,13,92.3,149.288,1.630912134,0.999998545,-1.13228,
Mangrove_7,Sulfide,Dark,2,2024-08-07 05:27:15,1,14,92.3,149.3833,1.630912134,0.999998545,-1.13228,
Mangrove_7,Sulfide,Dark,2,2024-08-07 05:27:17,1,15,92.3,149.4225,1.630912134,0.999998545,-1.13228,
Mangrove_7,Sulfide,Dark,2,2024-08-07 05:27:19,1,16,92.3,149.4136,1.630912134,0.999998545,-1.13228,
Mangrove_7,Sulfide,Dark,2,2024-08-07 05:27:21,1,17,92.3,149.4694,1.630912134,0.999998545,-1.13228,
Mangrove_7,Sulfide,Dark,2,2024-08-07 05:27:24,1,18,92.3,149.4367,1.630912134,0.999998545,-1.13228,
Mangrove_7,Sulfide,Dark,2,2024-08-07 05:27:26,1,19,92.3,149.5861,1.630912134,0.999998545,-1.13228,
Mangrove_7,Sulfide,Dark,2,2024-08-07 05:27:28,1,20,92.3,149.5844,1.630912134,0.999998545,-1.13228,
Mangrove_8,N2O,Light,1,2024-08-08 15:01:11,1,1,0,6.713699818,31.6655941,0.999998927,6.666450024,
Mangrove_8,N2O,Light,1,2024-08-08 15:01:12,1,2,0,6.760200024,31.6655941,0.999998927,6.666450024,
Mangrove_8,N2O,Light,1,2024-08-08 15:01:16,1,3,0,6.69630003,31.6655941,0.999998927,6.666450024,
Mangrove_8,N2O,Light,1,2024-08-08 15:01:17,1,4,0,6.659999847,31.6655941,0.999998927,6.666450024,
Mangrove_8,N2O,Light,1,2024-08-08 15:01:19,1,5,0,6.648700237,31.6655941,0.999998927,6.666450024,
Mangrove_8,N2O,Light,1,2024-08-08 15:01:21,1,6,0,6.616799831,31.6655941,0.999998927,6.666450024,
Mangrove_8,N2O,Light,1,2024-08-08 15:01:23,1,7,0,6.623000145,31.6655941,0.999998927,6.666450024,
Mangrove_8,N2O,Light,1,2024-08-08 15:01:25,1,8,0,6.624499798,31.6655941,0.999998927,6.666450024,
Mangrove_8,N2O,Light,1,2024-08-08 15:01:27,1,9,0,6.665699959,31.6655941,0.999998927,6.666450024,
Mangrove_8,N2O,Light,1,2024-08-08 15:01:29,1,10,0,6.655600071,31.6655941,0.999998927,6.666450024,
Mangrove_8,N2O,Light,1,2024-08-08 15:06:04,1,11,5,164.8352051,31.6655941,0.999998927,6.666450024,
Mangrove_8,N2O,Light,1,2024-08-08 15:06:06,1,12,5,164.8518066,31.6655941,0.999998927,6.666450024,
Mangrove_8,N2O,Light,1,2024-08-08 15:06:09,1,13,5,164.9105072,31.6655941,0.999998927,6.666450024,
Mangrove_8,N2O,Light,1,2024-08-08 15:06:11,1,14,5,164.9268951,31.6655941,0.999998927,6.666450024,
Mangrove_8,N2O,Light,1,2024-08-08 15:06:13,1,15,5,164.9788055,31.6655941,0.999998927,6.666450024,
Mangrove_8,N2O,Light,1,2024-08-08 15:06:16,1,16,5,165.0267944,31.6655941,0.999998927,6.666450024,
Mangrove_8,N2O,Light,1,2024-08-08 15:06:18,1,17,5,165.0527954,31.6655941,0.999998927,6.666450024,
Mangrove_8,N2O,Light,1,2024-08-08 15:06:20,1,18,5,165.065506,31.6655941,0.999998927,6.666450024,
Mangrove_8,N2O,Light,1,2024-08-08 15:06:26,1,19,5,165.1459961,31.6655941,0.999998927,6.666450024,
Mangrove_8,N2O,Light,1,2024-08-08 15:06:28,1,20,5,165.1499023,31.6655941,0.999998927,6.666450024,
Mangrove_8,N2O,Light,2,2024-08-08 15:01:35,4,1,0,5.446499825,30.40549278,0.999999464,5.401229858,
Mangrove_8,N2O,Light,2,2024-08-08 15:01:37,4,2,0,5.39620018,30.40549278,0.999999464,5.401229858,
Mangrove_8,N2O,Light,2,2024-08-08 15:01:39,4,3,0,5.39440012,30.40549278,0.999999464,5.401229858,
Mangrove_8,N2O,Light,2,2024-08-08 15:01:41,4,4,0,5.415699959,30.40549278,0.999999464,5.401229858,
Mangrove_8,N2O,Light,2,2024-08-08 15:01:43,4,5,0,5.418399811,30.40549278,0.999999464,5.401229858,
Mangrove_8,N2O,Light,2,2024-08-08 15:01:46,4,6,0,5.410699844,30.40549278,0.999999464,5.401229858,
Mangrove_8,N2O,Light,2,2024-08-08 15:01:48,4,7,0,5.394000053,30.40549278,0.999999464,5.401229858,
Mangrove_8,N2O,Light,2,2024-08-08 15:01:50,4,8,0,5.397799969,30.40549278,0.999999464,5.401229858,
Mangrove_8,N2O,Light,2,2024-08-08 15:01:52,4,9,0,5.386899948,30.40549278,0.999999464,5.401229858,
Mangrove_8,N2O,Light,2,2024-08-08 15:01:54,4,10,0,5.351699829,30.40549278,0.999999464,5.401229858,
Mangrove_8,N2O,Light,2,2024-08-08 15:06:44,4,11,5,157.3112946,30.40549278,0.999999464,5.401229858,
Mangrove_8,N2O,Light,2,2024-08-08 15:06:49,4,12,5,157.4035034,30.40549278,0.999999464,5.401229858,
Mangrove_8,N2O,Light,2,2024-08-08 15:06:51,4,13,5,157.3394928,30.40549278,0.999999464,5.401229858,
Mangrove_8,N2O,Light,2,2024-08-08 15:06:52,4,14,5,157.3927002,30.40549278,0.999999464,5.401229858,
Mangrove_8,N2O,Light,2,2024-08-08 15:06:55,4,15,5,157.4496002,30.40549278,0.999999464,5.401229858,
Mangrove_8,N2O,Light,2,2024-08-08 15:06:58,4,16,5,157.3838959,30.40549278,0.999999464,5.401229858,
Mangrove_8,N2O,Light,2,2024-08-08 15:07:00,4,17,5,157.4250946,30.40549278,0.999999464,5.401229858,
Mangrove_8,N2O,Light,2,2024-08-08 15:07:02,4,18,5,157.4850006,30.40549278,0.999999464,5.401229858,
Mangrove_8,N2O,Light,2,2024-08-08 15:07:04,4,19,5,157.5298004,30.40549278,0.999999464,5.401229858,
Mangrove_8,N2O,Light,2,2024-08-08 15:07:05,4,20,5,157.5664978,30.40549278,0.999999464,5.401229858,
Mangrove_8,N2O,Dark,1,2024-08-09 03:54:59,1,1,0,7.8043,76.092432,0.999999932,7.78439,
Mangrove_8,N2O,Dark,1,2024-08-09 03:55:01,1,2,0,7.837,76.092432,0.999999932,7.78439,
Mangrove_8,N2O,Dark,1,2024-08-09 03:55:02,1,3,0,7.7948,76.092432,0.999999932,7.78439,
Mangrove_8,N2O,Dark,1,2024-08-09 03:55:04,1,4,0,7.8328,76.092432,0.999999932,7.78439,
Mangrove_8,N2O,Dark,1,2024-08-09 03:55:07,1,5,0,7.81,76.092432,0.999999932,7.78439,
Mangrove_8,N2O,Dark,1,2024-08-09 03:55:09,1,6,0,7.8018,76.092432,0.999999932,7.78439,
Mangrove_8,N2O,Dark,1,2024-08-09 03:55:12,1,7,0,7.7457,76.092432,0.999999932,7.78439,
Mangrove_8,N2O,Dark,1,2024-08-09 03:55:13,1,8,0,7.7548,76.092432,0.999999932,7.78439,
Mangrove_8,N2O,Dark,1,2024-08-09 03:55:15,1,9,0,7.723,76.092432,0.999999932,7.78439,
Mangrove_8,N2O,Dark,1,2024-08-09 03:55:17,1,10,0,7.7397,76.092432,0.999999932,7.78439,
Mangrove_8,N2O,Dark,1,2024-08-09 04:02:22,1,11,5,388.157,76.092432,0.999999932,7.78439,
Mangrove_8,N2O,Dark,1,2024-08-09 04:02:24,1,12,5,388.1516,76.092432,0.999999932,7.78439,
Mangrove_8,N2O,Dark,1,2024-08-09 04:02:26,1,13,5,388.2111,76.092432,0.999999932,7.78439,
Mangrove_8,N2O,Dark,1,2024-08-09 04:02:27,1,14,5,388.2568,76.092432,0.999999932,7.78439,
Mangrove_8,N2O,Dark,1,2024-08-09 04:02:29,1,15,5,388.2302,76.092432,0.999999932,7.78439,
Mangrove_8,N2O,Dark,1,2024-08-09 04:02:31,1,16,5,388.2804,76.092432,0.999999932,7.78439,
Mangrove_8,N2O,Dark,1,2024-08-09 04:02:33,1,17,5,388.2692,76.092432,0.999999932,7.78439,
Mangrove_8,N2O,Dark,1,2024-08-09 04:02:35,1,18,5,388.2896,76.092432,0.999999932,7.78439,
Mangrove_8,N2O,Dark,1,2024-08-09 04:02:37,1,19,5,388.2641,76.092432,0.999999932,7.78439,
Mangrove_8,N2O,Dark,1,2024-08-09 04:02:39,1,20,5,388.3555,76.092432,0.999999932,7.78439,
Mangrove_8,N2O,Dark,2,2024-08-09 03:55:30,4,1,0,7.163,73.26333927,0.999998982,7.11364,
Mangrove_8,N2O,Dark,2,2024-08-09 03:55:32,4,2,0,7.1593,73.26333927,0.999998982,7.11364,
Mangrove_8,N2O,Dark,2,2024-08-09 03:55:34,4,3,0,7.1673,73.26333927,0.999998982,7.11364,
Mangrove_8,N2O,Dark,2,2024-08-09 03:55:36,4,4,0,7.1458,73.26333927,0.999998982,7.11364,
Mangrove_8,N2O,Dark,2,2024-08-09 03:55:37,4,5,0,7.0801,73.26333927,0.999998982,7.11364,
Mangrove_8,N2O,Dark,2,2024-08-09 03:55:41,4,6,0,7.1366,73.26333927,0.999998982,7.11364,
Mangrove_8,N2O,Dark,2,2024-08-09 03:55:43,4,7,0,7.0788,73.26333927,0.999998982,7.11364,
Mangrove_8,N2O,Dark,2,2024-08-09 03:55:45,4,8,0,7.0747,73.26333927,0.999998982,7.11364,
Mangrove_8,N2O,Dark,2,2024-08-09 03:55:47,4,9,0,7.0414,73.26333927,0.999998982,7.11364,
Mangrove_8,N2O,Dark,2,2024-08-09 03:55:49,4,10,0,7.0894,73.26333927,0.999998982,7.11364,
Mangrove_8,N2O,Dark,2,2024-08-09 04:02:55,4,11,5,373.9113,73.26333927,0.999998982,7.11364,
Mangrove_8,N2O,Dark,2,2024-08-09 04:02:57,4,12,5,373.7755,73.26333927,0.999998982,7.11364,
Mangrove_8,N2O,Dark,2,2024-08-09 04:02:59,4,13,5,373.6764,73.26333927,0.999998982,7.11364,
Mangrove_8,N2O,Dark,2,2024-08-09 04:03:01,4,14,5,373.4882,73.26333927,0.999998982,7.11364,
Mangrove_8,N2O,Dark,2,2024-08-09 04:03:03,4,15,5,373.4486,73.26333927,0.999998982,7.11364,
Mangrove_8,N2O,Dark,2,2024-08-09 04:03:05,4,16,5,373.4092,73.26333927,0.999998982,7.11364,
Mangrove_8,N2O,Dark,2,2024-08-09 04:03:07,4,17,5,373.2496,73.26333927,0.999998982,7.11364,
Mangrove_8,N2O,Dark,2,2024-08-09 04:03:09,4,18,5,373.1992,73.26333927,0.999998982,7.11364,
Mangrove_8,N2O,Dark,2,2024-08-09 04:03:11,4,19,5,373.2465,73.26333927,0.999998982,7.11364,
Mangrove_8,N2O,Dark,2,2024-08-09 04:03:14,4,20,5,373.2658,73.26333927,0.999998982,7.11364,
Mangrove_8,N2O,Dark,2,2024-08-09 04:03:16,4,21,5,373.0634,73.26333927,0.999998982,7.11364,
Mangrove_9,N2O,Dark,1,2024-08-12 04:48:20,1,1,0,7.0592,29.67613,0.999999859,7.0786375,
Mangrove_9,N2O,Dark,1,2024-08-12 04:48:22,1,2,0,7.0534,29.67613,0.999999859,7.0786375,
Mangrove_9,N2O,Dark,1,2024-08-12 04:48:23,1,3,0,7.1095,29.67613,0.999999859,7.0786375,
Mangrove_9,N2O,Dark,1,2024-08-12 04:48:24,1,4,0,7.0672,29.67613,0.999999859,7.0786375,
Mangrove_9,N2O,Dark,1,2024-08-12 04:48:25,1,5,0,7.0782,29.67613,0.999999859,7.0786375,
Mangrove_9,N2O,Dark,1,2024-08-12 04:48:27,1,6,0,7.0469,29.67613,0.999999859,7.0786375,
Mangrove_9,N2O,Dark,1,2024-08-12 04:48:28,1,7,0,7.0937,29.67613,0.999999859,7.0786375,
Mangrove_9,N2O,Dark,1,2024-08-12 04:48:29,1,8,0,7.121,29.67613,0.999999859,7.0786375,
Mangrove_9,N2O,Dark,1,2024-08-12 04:56:56,1,9,5,155.4977,29.67613,0.999999859,7.0786375,
Mangrove_9,N2O,Dark,1,2024-08-12 04:56:58,1,10,5,155.4863,29.67613,0.999999859,7.0786375,
Mangrove_9,N2O,Dark,1,2024-08-12 04:56:59,1,11,5,155.4612,29.67613,0.999999859,7.0786375,
Mangrove_9,N2O,Dark,1,2024-08-12 04:58:05,1,12,5,155.4275,29.67613,0.999999859,7.0786375,
Mangrove_9,N2O,Dark,1,2024-08-12 04:58:06,1,13,5,155.4872,29.67613,0.999999859,7.0786375,
Mangrove_9,N2O,Dark,1,2024-08-12 04:58:07,1,14,5,155.4629,29.67613,0.999999859,7.0786375,
Mangrove_9,N2O,Dark,1,2024-08-12 04:58:08,1,15,5,155.4486,29.67613,0.999999859,7.0786375,
Mangrove_9,N2O,Dark,1,2024-08-12 04:58:09,1,16,5,155.4029,29.67613,0.999999859,7.0786375,
Mangrove_9,N2O,Dark,1,2024-08-12 04:58:10,4,1,0,5.9799,29.812449,0.999940603,5.986475,
Mangrove_9,N2O,Dark,1,2024-08-12 04:58:11,4,2,0,6.0353,29.812449,0.999940603,5.986475,
Mangrove_9,N2O,Dark,1,2024-08-12 04:48:05,4,3,0,5.9993,29.812449,0.999940603,5.986475,
Mangrove_9,N2O,Dark,1,2024-08-12 04:48:06,4,4,0,5.9239,29.812449,0.999940603,5.986475,
Mangrove_9,N2O,Dark,1,2024-08-12 04:48:07,4,5,0,5.9776,29.812449,0.999940603,5.986475,
Mangrove_9,N2O,Dark,1,2024-08-12 04:48:08,4,6,0,6.0788,29.812449,0.999940603,5.986475,
Mangrove_9,N2O,Dark,1,2024-08-12 04:48:09,4,7,0,5.9796,29.812449,0.999940603,5.986475,
Mangrove_9,N2O,Dark,1,2024-08-12 04:48:10,4,8,0,5.9174,29.812449,0.999940603,5.986475,
Mangrove_9,N2O,Dark,1,2024-08-12 04:48:13,4,9,5,156.2755,29.812449,0.999940603,5.986475,
Mangrove_9,N2O,Dark,1,2024-08-12 04:48:14,4,10,5,156.2112,29.812449,0.999940603,5.986475,
Mangrove_9,N2O,Dark,1,2024-08-12 04:58:31,4,11,5,156.1592,29.812449,0.999940603,5.986475,
Mangrove_9,N2O,Dark,1,2024-08-12 04:58:32,4,12,5,154.5528,29.812449,0.999940603,5.986475,
Mangrove_9,N2O,Dark,1,2024-08-12 04:58:34,4,13,5,154.5455,29.812449,0.999940603,5.986475,
Mangrove_9,N2O,Dark,1,2024-08-12 04:58:35,4,14,5,154.5794,29.812449,0.999940603,5.986475,
Mangrove_9,N2O,Dark,1,2024-08-12 04:58:36,4,15,5,154.603,29.812449,0.999940603,5.986475,
Mangrove_9,N2O,Dark,1,2024-08-12 04:58:37,4,16,5,154.5319,29.812449,0.999940603,5.986475,
Mangrove_9,N2O,Dark,1,2024-08-12 04:58:38,4,17,5,154.503,29.812449,0.999940603,5.986475,
Mangrove_9,N2O,Dark,1,2024-08-12 04:58:40,4,18,5,154.5257,29.812449,0.999940603,5.986475,
Mangrove_9,N2O,Light,2,2024-08-12 19:57:43,1,1,0,8.2548,63.69739114,0.999996186,8.32923,
Mangrove_9,N2O,Light,2,2024-08-12 19:57:45,1,2,0,8.3514,63.69739114,0.999996186,8.32923,
Mangrove_9,N2O,Light,2,2024-08-12 19:57:47,1,3,0,8.3476,63.69739114,0.999996186,8.32923,
Mangrove_9,N2O,Light,2,2024-08-12 19:57:49,1,4,0,8.357,63.69739114,0.999996186,8.32923,
Mangrove_9,N2O,Light,2,2024-08-12 19:57:51,1,5,0,8.2692,63.69739114,0.999996186,8.32923,
Mangrove_9,N2O,Light,2,2024-08-12 19:57:53,1,6,0,8.293,63.69739114,0.999996186,8.32923,
Mangrove_9,N2O,Light,2,2024-08-12 19:57:55,1,7,0,8.3463,63.69739114,0.999996186,8.32923,
Mangrove_9,N2O,Light,2,2024-08-12 19:57:56,1,8,0,8.358,63.69739114,0.999996186,8.32923,
Mangrove_9,N2O,Light,2,2024-08-12 19:57:58,1,9,0,8.3734,63.69739114,0.999996186,8.32923,
Mangrove_9,N2O,Light,2,2024-08-12 19:57:59,1,10,0,8.3416,63.69739114,0.999996186,8.32923,
Mangrove_9,N2O,Light,2,2024-08-12 20:10:14,1,11,5,326.1705,63.69739114,0.999996186,8.32923,
Mangrove_9,N2O,Light,2,2024-08-12 20:10:16,1,12,5,326.2703,63.69739114,0.999996186,8.32923,
Mangrove_9,N2O,Light,2,2024-08-12 20:10:18,1,13,5,326.4209,63.69739114,0.999996186,8.32923,
Mangrove_9,N2O,Light,2,2024-08-12 20:10:22,1,14,5,326.4748,63.69739114,0.999996186,8.32923,
Mangrove_9,N2O,Light,2,2024-08-12 20:10:28,1,15,5,326.6276,63.69739114,0.999996186,8.32923,
Mangrove_9,N2O,Light,2,2024-08-12 20:10:30,1,16,5,326.6953,63.69739114,0.999996186,8.32923,
Mangrove_9,N2O,Light,2,2024-08-12 20:10:32,1,17,5,326.7528,63.69739114,0.999996186,8.32923,
Mangrove_9,N2O,Light,2,2024-08-12 20:10:35,1,18,5,326.8384,63.69739114,0.999996186,8.32923,
Mangrove_9,N2O,Light,2,2024-08-12 20:10:37,1,19,5,326.8965,63.69739114,0.999996186,8.32923,
Mangrove_9,N2O,Light,2,2024-08-12 20:10:40,1,20,5,326.91,63.69739114,0.999996186,8.32923,
Mangrove_9,N2O,Light,2,2024-08-12 20:10:59,1,21,5,327.1889,63.69739114,0.999996186,8.32923,
Mangrove_9,N2O,Light,2,2024-08-12 20:11:01,1,22,5,327.2207,63.69739114,0.999996186,8.32923,
Mangrove_9,N2O,Light,2,2024-08-12 20:11:07,1,23,5,327.4707,63.69739114,0.999996186,8.32923,
Mangrove_9,N2O,Light,2,2024-08-12 20:11:07,1,24,5,327.4892,63.69739114,0.999996186,8.32923,
Mangrove_9,N2O,Light,1,2024-08-12 19:58:10,4,1,0,6.105,64.885241,0.999996163,6.15017,
Mangrove_9,N2O,Light,1,2024-08-12 19:58:12,4,2,0,6.1202,64.885241,0.999996163,6.15017,
Mangrove_9,N2O,Light,1,2024-08-12 19:58:14,4,3,0,6.0987,64.885241,0.999996163,6.15017,
Mangrove_9,N2O,Light,1,2024-08-12 19:58:17,4,4,0,6.1453,64.885241,0.999996163,6.15017,
Mangrove_9,N2O,Light,1,2024-08-12 19:58:19,4,5,0,6.1628,64.885241,0.999996163,6.15017,
Mangrove_9,N2O,Light,1,2024-08-12 19:58:21,4,6,0,6.1856,64.885241,0.999996163,6.15017,
Mangrove_9,N2O,Light,1,2024-08-12 19:58:23,4,7,0,6.1573,64.885241,0.999996163,6.15017,
Mangrove_9,N2O,Light,1,2024-08-12 19:58:25,4,8,0,6.19,64.885241,0.999996163,6.15017,
Mangrove_9,N2O,Light,1,2024-08-12 19:58:27,4,9,0,6.1428,64.885241,0.999996163,6.15017,
Mangrove_9,N2O,Light,1,2024-08-12 19:58:29,4,10,0,6.194,64.885241,0.999996163,6.15017,
Mangrove_9,N2O,Light,1,2024-08-12 20:11:21,4,11,5,331.213,64.885241,0.999996163,6.15017,
Mangrove_9,N2O,Light,1,2024-08-12 20:11:22,4,12,5,331.079,64.885241,0.999996163,6.15017,
Mangrove_9,N2O,Light,1,2024-08-12 20:11:23,4,13,5,331.058,64.885241,0.999996163,6.15017,
Mangrove_9,N2O,Light,1,2024-08-12 20:11:25,4,14,5,330.9636,64.885241,0.999996163,6.15017,
Mangrove_9,N2O,Light,1,2024-08-12 20:11:28,4,15,5,330.7574,64.885241,0.999996163,6.15017,
Mangrove_9,N2O,Light,1,2024-08-12 20:11:29,4,16,5,330.6478,64.885241,0.999996163,6.15017,
Mangrove_9,N2O,Light,1,2024-08-12 20:11:31,4,17,5,330.5232,64.885241,0.999996163,6.15017,
Mangrove_9,N2O,Light,1,2024-08-12 20:11:33,4,18,5,330.3655,64.885241,0.999996163,6.15017,
Mangrove_9,N2O,Light,1,2024-08-12 20:11:34,4,19,5,330.2645,64.885241,0.999996163,6.15017,
Mangrove_9,N2O,Light,1,2024-08-12 20:11:36,4,20,5,330.1407,64.885241,0.999996163,6.15017,
Mangrove_9,N2O,Light,1,2024-08-12 20:11:37,4,21,5,329.9507,64.885241,0.999996163,6.15017,
Mangrove_9,N2O,Light,1,2024-08-12 20:11:38,4,22,5,329.9531,64.885241,0.999996163,6.15017,
Mangrove_11,Sulfide,Dark,1,2024-08-15 08:36:48,1,1,0,-0.9271,1.712335784,0.999995344,-0.921526667,
Mangrove_11,Sulfide,Dark,1,2024-08-15 08:36:50,1,2,0,-0.9219,1.712335784,0.999995344,-0.921526667,
Mangrove_11,Sulfide,Dark,1,2024-08-15 08:36:52,1,3,0,-0.949,1.712335784,0.999995344,-0.921526667,
Mangrove_11,Sulfide,Dark,1,2024-08-15 08:36:54,1,4,0,-0.8664,1.712335784,0.999995344,-0.921526667,
Mangrove_11,Sulfide,Dark,1,2024-08-15 08:36:56,1,5,0,-0.9535,1.712335784,0.999995344,-0.921526667,
Mangrove_11,Sulfide,Dark,1,2024-08-15 08:36:58,1,6,0,-0.8902,1.712335784,0.999995344,-0.921526667,
Mangrove_11,Sulfide,Dark,1,2024-08-15 08:37:00,1,7,0,-0.9842,1.712335784,0.999995344,-0.921526667,
Mangrove_11,Sulfide,Dark,1,2024-08-15 08:37:02,1,8,0,-0.9363,1.712335784,0.999995344,-0.921526667,
Mangrove_11,Sulfide,Dark,1,2024-08-15 08:37:04,1,9,0,-0.9276,1.712335784,0.999995344,-0.921526667,
Mangrove_11,Sulfide,Dark,1,2024-08-15 08:37:06,1,10,0,-0.9337,1.712335784,0.999995344,-0.921526667,
Mangrove_11,Sulfide,Dark,1,2024-08-15 08:37:08,1,11,0,-0.9656,1.712335784,0.999995344,-0.921526667,
Mangrove_11,Sulfide,Dark,1,2024-08-15 08:37:10,1,12,0,-0.8945,1.712335784,0.999995344,-0.921526667,
Mangrove_11,Sulfide,Dark,1,2024-08-15 08:37:11,1,13,0,-0.9217,1.712335784,0.999995344,-0.921526667,
Mangrove_11,Sulfide,Dark,1,2024-08-15 08:37:13,1,14,0,-0.8825,1.712335784,0.999995344,-0.921526667,
Mangrove_11,Sulfide,Dark,1,2024-08-15 08:37:15,1,15,0,-0.8687,1.712335784,0.999995344,-0.921526667,
Mangrove_11,Sulfide,Dark,1,2024-08-15 08:44:47,1,16,92.5,156.9651,1.712335784,0.999995344,-0.921526667,
Mangrove_11,Sulfide,Dark,1,2024-08-15 08:44:49,1,17,92.5,157.1098,1.712335784,0.999995344,-0.921526667,
Mangrove_11,Sulfide,Dark,1,2024-08-15 08:44:51,1,18,92.5,157.1416,1.712335784,0.999995344,-0.921526667,
Mangrove_11,Sulfide,Dark,1,2024-08-15 08:44:59,1,19,92.5,157.3547,1.712335784,0.999995344,-0.921526667,
Mangrove_11,Sulfide,Dark,1,2024-08-15 08:45:00,1,20,92.5,157.4009,1.712335784,0.999995344,-0.921526667,
Mangrove_11,Sulfide,Dark,1,2024-08-15 08:45:02,1,21,92.5,157.3883,1.712335784,0.999995344,-0.921526667,
Mangrove_11,Sulfide,Dark,1,2024-08-15 08:45:04,1,22,92.5,157.503,1.712335784,0.999995344,-0.921526667,
Mangrove_11,Sulfide,Dark,1,2024-08-15 08:45:06,1,23,92.5,157.5057,1.712335784,0.999995344,-0.921526667,
Mangrove_11,Sulfide,Dark,1,2024-08-15 08:45:08,1,24,92.5,157.5188,1.712335784,0.999995344,-0.921526667,
Mangrove_11,Sulfide,Dark,1,2024-08-15 08:45:10,1,25,92.5,157.5633,1.712335784,0.999995344,-0.921526667,
Mangrove_11,Sulfide,Dark,1,2024-08-15 08:45:13,1,26,92.5,157.6295,1.712335784,0.999995344,-0.921526667,
Mangrove_11,Sulfide,Dark,1,2024-08-15 08:45:15,1,27,92.5,157.6764,1.712335784,0.999995344,-0.921526667,
Mangrove_11,Sulfide,Dark,1,2024-08-15 08:45:17,1,28,92.5,157.7166,1.712335784,0.999995344,-0.921526667,
Mangrove_11,Sulfide,Dark,1,2024-08-15 08:45:18,1,29,92.5,157.8111,1.712335784,0.999995344,-0.921526667,
Mangrove_11,Sulfide,Dark,1,2024-08-15 08:45:21,1,30,92.5,157.7582,1.712335784,0.999995344,-0.921526667,
Mangrove_12,Sulfide,Dark,1,2024-08-20 07:28:46,1,1,92.5,147.602005,1.589971662,0.999999821,0.583837509,
Mangrove_12,Sulfide,Dark,1,2024-08-20 07:28:47,1,2,92.5,147.6123047,1.589971662,0.999999821,0.583837509,
Mangrove_12,Sulfide,Dark,1,2024-08-20 07:28:47,1,3,92.5,147.6446991,1.589971662,0.999999821,0.583837509,
Mangrove_12,Sulfide,Dark,1,2024-08-20 07:28:48,1,4,92.5,147.6356049,1.589971662,0.999999821,0.583837509,
Mangrove_12,Sulfide,Dark,1,2024-08-20 07:28:49,1,5,92.5,147.6768951,1.589971662,0.999999821,0.583837509,
Mangrove_12,Sulfide,Dark,1,2024-08-20 07:28:50,1,6,92.5,147.6997986,1.589971662,0.999999821,0.583837509,
Mangrove_12,Sulfide,Dark,1,2024-08-20 07:28:50,1,7,92.5,147.6712036,1.589971662,0.999999821,0.583837509,
Mangrove_12,Sulfide,Dark,1,2024-08-20 07:28:51,1,8,92.5,147.7071991,1.589971662,0.999999821,0.583837509,
Mangrove_12,Sulfide,Dark,1,2024-08-20 07:32:00,1,9,0,0.584500015,1.589971662,0.999999821,0.583837509,
Mangrove_12,Sulfide,Dark,1,2024-08-20 07:32:02,1,10,0,0.592499971,1.589971662,0.999999821,0.583837509,
Mangrove_12,Sulfide,Dark,1,2024-08-20 07:32:04,1,11,0,0.583100021,1.589971662,0.999999821,0.583837509,
Mangrove_12,Sulfide,Dark,1,2024-08-20 07:32:05,1,12,0,0.60769999,1.589971662,0.999999821,0.583837509,
Mangrove_12,Sulfide,Dark,1,2024-08-20 07:32:06,1,13,0,0.611500025,1.589971662,0.999999821,0.583837509,
Mangrove_12,Sulfide,Dark,1,2024-08-20 07:32:08,1,14,0,0.557099998,1.589971662,0.999999821,0.583837509,
Mangrove_12,Sulfide,Dark,1,2024-08-20 07:32:09,1,15,0,0.567900002,1.589971662,0.999999821,0.583837509,
Mangrove_12,Sulfide,Dark,1,2024-08-20 07:32:11,1,16,0,0.566399992,1.589971662,0.999999821,0.583837509,
Mangrove_13,O2,Dark,1,2024-08-21 09:15:04,1,1,0,5.4552,0.250889383,0.999997009,5.35054,
Mangrove_13,O2,Dark,1,2024-08-21 09:15:05,1,2,0,5.385,0.250889383,0.999997009,5.35054,
Mangrove_13,O2,Dark,1,2024-08-21 09:15:08,1,3,0,5.4042,0.250889383,0.999997009,5.35054,
Mangrove_13,O2,Dark,1,2024-08-21 09:15:10,1,4,0,5.3733,0.250889383,0.999997009,5.35054,
Mangrove_13,O2,Dark,1,2024-08-21 09:15:12,1,5,0,5.3637,0.250889383,0.999997009,5.35054,
Mangrove_13,O2,Dark,1,2024-08-21 09:15:14,1,6,0,5.3037,0.250889383,0.999997009,5.35054,
Mangrove_13,O2,Dark,1,2024-08-21 09:15:17,1,7,0,5.3197,0.250889383,0.999997009,5.35054,
Mangrove_13,O2,Dark,1,2024-08-21 09:15:19,1,8,0,5.3492,0.250889383,0.999997009,5.35054,
Mangrove_13,O2,Dark,1,2024-08-21 09:15:22,1,9,0,5.271,0.250889383,0.999997009,5.35054,
Mangrove_13,O2,Dark,1,2024-08-21 09:15:24,1,10,0,5.2804,0.250889383,0.999997009,5.35054,
Mangrove_13,O2,Dark,1,2024-08-21 09:30:04,1,11,203.703,56.487,0.250889383,0.999997009,5.35054,
Mangrove_13,O2,Dark,1,2024-08-21 09:30:06,1,12,203.703,56.4695,0.250889383,0.999997009,5.35054,
Mangrove_13,O2,Dark,1,2024-08-21 09:30:08,1,13,203.703,56.4366,0.250889383,0.999997009,5.35054,
Mangrove_13,O2,Dark,1,2024-08-21 09:30:10,1,14,203.703,56.4151,0.250889383,0.999997009,5.35054,
Mangrove_13,O2,Dark,1,2024-08-21 09:30:13,1,15,203.703,56.4415,0.250889383,0.999997009,5.35054,
Mangrove_13,O2,Dark,1,2024-08-21 09:30:16,1,16,203.703,56.4482,0.250889383,0.999997009,5.35054,
Mangrove_13,O2,Dark,1,2024-08-21 09:30:18,1,17,203.703,56.4465,0.250889383,0.999997009,5.35054,
Mangrove_13,O2,Dark,1,2024-08-21 09:30:20,1,18,203.703,56.4382,0.250889383,0.999997009,5.35054,
Mangrove_13,O2,Dark,1,2024-08-21 09:30:23,1,19,203.703,56.5269,0.250889383,0.999997009,5.35054,
Mangrove_13,O2,Dark,1,2024-08-21 09:30:25,1,20,203.703,56.4651,0.250889383,0.999997009,5.35054,
Mangrove_14,N2O,Dark,1,2024-08-22 06:16:42,1,1,0,8.335499763,52.89066315,0.99999994,8.338399887,
Mangrove_14,N2O,Dark,1,2024-08-22 06:16:44,1,2,0,8.35890007,52.89066315,0.99999994,8.338399887,
Mangrove_14,N2O,Dark,1,2024-08-22 06:16:45,1,3,0,8.356499672,52.89066315,0.99999994,8.338399887,
Mangrove_14,N2O,Dark,1,2024-08-22 06:16:46,1,4,0,8.318400383,52.89066315,0.99999994,8.338399887,
Mangrove_14,N2O,Dark,1,2024-08-22 06:16:48,1,5,0,8.393199921,52.89066315,0.99999994,8.338399887,
Mangrove_14,N2O,Dark,1,2024-08-22 06:16:52,1,6,0,8.321399689,52.89066315,0.99999994,8.338399887,
Mangrove_14,N2O,Dark,1,2024-08-22 06:16:54,1,7,0,8.284899712,52.89066315,0.99999994,8.338399887,
Mangrove_14,N2O,Dark,1,2024-08-22 06:25:35,1,8,5,272.7489929,52.89066315,0.99999994,8.338399887,
Mangrove_14,N2O,Dark,1,2024-08-22 06:25:38,1,9,5,272.868103,52.89066315,0.99999994,8.338399887,
Mangrove_14,N2O,Dark,1,2024-08-22 06:25:40,1,10,5,272.7261047,52.89066315,0.99999994,8.338399887,
Mangrove_14,N2O,Dark,1,2024-08-22 06:25:41,1,11,5,272.7947083,52.89066315,0.99999994,8.338399887,
Mangrove_14,N2O,Dark,1,2024-08-22 06:25:43,1,12,5,272.8381958,52.89066315,0.99999994,8.338399887,
Mangrove_14,N2O,Dark,1,2024-08-22 06:25:44,1,13,5,272.8016968,52.89066315,0.99999994,8.338399887,
Mangrove_14,N2O,Dark,1,2024-08-22 06:25:46,1,14,5,272.8012085,52.89066315,0.99999994,8.338399887,
Mangrove_14,N2O,Dark,1,2024-08-22 06:25:49,1,15,5,272.7546997,52.89066315,0.99999994,8.338399887,
Mangrove_14,N2O,Dark,2,2024-08-22 06:16:12,4,1,0,3.187900066,54.58433151,0.99999994,3.197437525,
Mangrove_14,N2O,Dark,2,2024-08-22 06:16:14,4,2,0,3.201100111,54.58433151,0.99999994,3.197437525,
Mangrove_14,N2O,Dark,2,2024-08-22 06:16:16,4,3,0,3.195600033,54.58433151,0.99999994,3.197437525,
Mangrove_14,N2O,Dark,2,2024-08-22 06:16:17,4,4,0,3.142400026,54.58433151,0.99999994,3.197437525,
Mangrove_14,N2O,Dark,2,2024-08-22 06:16:21,4,5,0,3.235599995,54.58433151,0.99999994,3.197437525,
Mangrove_14,N2O,Dark,2,2024-08-22 06:16:23,4,6,0,3.230900049,54.58433151,0.99999994,3.197437525,
Mangrove_14,N2O,Dark,2,2024-08-22 06:16:25,4,7,0,3.214900017,54.58433151,0.99999994,3.197437525,
Mangrove_14,N2O,Dark,2,2024-08-22 06:16:28,4,8,0,3.171099901,54.58433151,0.99999994,3.197437525,
Mangrove_14,N2O,Dark,2,2024-08-22 06:26:04,4,9,5,276.0917053,54.58433151,0.99999994,3.197437525,
Mangrove_14,N2O,Dark,2,2024-08-22 06:26:05,4,10,5,276.1227112,54.58433151,0.99999994,3.197437525,
Mangrove_14,N2O,Dark,2,2024-08-22 06:26:07,4,11,5,276.0780029,54.58433151,0.99999994,3.197437525,
Mangrove_14,N2O,Dark,2,2024-08-22 06:26:08,4,12,5,276.1043091,54.58433151,0.99999994,3.197437525,
Mangrove_14,N2O,Dark,2,2024-08-22 06:26:10,4,13,5,276.1152954,54.58433151,0.99999994,3.197437525,
Mangrove_14,N2O,Dark,2,2024-08-22 06:26:12,4,14,5,276.1159973,54.58433151,0.99999994,3.197437525,
Mangrove_14,N2O,Dark,2,2024-08-22 06:26:13,4,15,5,276.151001,54.58433151,0.99999994,3.197437525,
Mangrove_14,N2O,Dark,2,2024-08-22 06:26:15,4,16,5,276.1737061,54.58433151,0.99999994,3.197437525,
Mangrove_15,NO,Dark,1,2024-08-23 07:14:28,4,1,0,8.316,0.006847973,0.952946029,7.912115057,
Mangrove_15,NO,Dark,1,2024-08-23 07:14:29,4,2,0,8.3899,0.006847973,0.952946029,7.912115057,
Mangrove_15,NO,Dark,1,2024-08-23 07:14:30,4,3,0,8.3566,0.006847973,0.952946029,7.912115057,
Mangrove_15,NO,Dark,1,2024-08-23 07:14:31,4,4,0,8.3649,0.006847973,0.952946029,7.912115057,
Mangrove_15,NO,Dark,1,2024-08-23 07:14:32,4,5,0,8.346,0.006847973,0.952946029,7.912115057,
Mangrove_15,NO,Dark,1,2024-08-23 07:14:33,4,6,0,8.39,0.006847973,0.952946029,7.912115057,
Mangrove_15,NO,Dark,1,2024-08-23 07:14:35,4,7,0,8.3178,0.006847973,0.952946029,7.912115057,
Mangrove_15,NO,Dark,1,2024-08-23 07:20:10,4,8,473,10.3445,0.006847973,0.952946029,7.912115057,
Mangrove_15,NO,Dark,1,2024-08-23 07:20:12,4,9,473,10.397,0.006847973,0.952946029,7.912115057,
Mangrove_15,NO,Dark,1,2024-08-23 07:20:13,4,10,473,10.3638,0.006847973,0.952946029,7.912115057,
Mangrove_15,NO,Dark,1,2024-08-23 07:20:14,4,11,473,10.4055,0.006847973,0.952946029,7.912115057,
Mangrove_15,NO,Dark,1,2024-08-23 07:20:15,4,12,473,10.3252,0.006847973,0.952946029,7.912115057,
Mangrove_15,NO,Dark,1,2024-08-23 07:20:16,4,13,473,10.357,0.006847973,0.952946029,7.912115057,
Mangrove_15,NO,Dark,1,2024-08-23 07:20:17,4,14,473,10.3738,0.006847973,0.952946029,7.912115057,
Mangrove_15,NO,Dark,1,2024-08-23 07:20:18,4,15,473,10.2918,0.006847973,0.952946029,7.912115057,
Mangrove_15,NO,Dark,1,2024-08-23 07:23:10,4,16,923,14.2341,0.006847973,0.952946029,7.912115057,
Mangrove_15,NO,Dark,1,2024-08-23 07:23:18,4,17,923,14.4524,0.006847973,0.952946029,7.912115057,
Mangrove_15,NO,Dark,1,2024-08-23 07:23:44,4,18,923,14.6422,0.006847973,0.952946029,7.912115057,
Mangrove_15,NO,Dark,1,2024-08-23 07:23:46,4,19,923,14.6336,0.006847973,0.952946029,7.912115057,
Mangrove_15,NO,Dark,1,2024-08-23 07:23:48,4,20,923,14.6477,0.006847973,0.952946029,7.912115057,
Mangrove_15,NO,Dark,1,2024-08-23 07:23:49,4,21,923,14.6965,0.006847973,0.952946029,7.912115057,
Mangrove_15,NO,Dark,1,2024-08-23 07:23:51,4,22,923,14.6675,0.006847973,0.952946029,7.912115057,
Mangrove_15,NO,Dark,1,2024-08-23 07:23:52,4,23,923,14.6902,0.006847973,0.952946029,7.912115057,
Mangrove_15,NO,Dark,1,2024-08-23 07:23:52,4,24,923,14.6856,0.006847973,0.952946029,7.912115057,
Mangrove_15,NO,Dark,2,2024-08-23 07:14:43,1,1,0,7.4511,0.004606473,0.967082782,7.204652828,
Mangrove_15,NO,Dark,2,2024-08-23 07:14:44,1,2,0,7.5108,0.004606473,0.967082782,7.204652828,
Mangrove_15,NO,Dark,2,2024-08-23 07:14:45,1,3,0,7.4856,0.004606473,0.967082782,7.204652828,
Mangrove_15,NO,Dark,2,2024-08-23 07:14:46,1,4,0,7.3842,0.004606473,0.967082782,7.204652828,
Mangrove_15,NO,Dark,2,2024-08-23 07:14:47,1,5,0,7.3995,0.004606473,0.967082782,7.204652828,
Mangrove_15,NO,Dark,2,2024-08-23 07:14:49,1,6,0,7.4368,0.004606473,0.967082782,7.204652828,
Mangrove_15,NO,Dark,2,2024-08-23 07:14:51,1,7,0,7.3951,0.004606473,0.967082782,7.204652828,
Mangrove_15,NO,Dark,2,2024-08-23 07:14:52,1,8,0,7.3594,0.004606473,0.967082782,7.204652828,
Mangrove_15,NO,Dark,2,2024-08-23 07:19:53,1,9,473,8.8822,0.004606473,0.967082782,7.204652828,
Mangrove_15,NO,Dark,2,2024-08-23 07:19:58,1,10,473,8.7706,0.004606473,0.967082782,7.204652828,
Mangrove_15,NO,Dark,2,2024-08-23 07:20:01,1,11,473,8.9274,0.004606473,0.967082782,7.204652828,
Mangrove_15,NO,Dark,2,2024-08-23 07:20:02,1,12,473,8.7907,0.004606473,0.967082782,7.204652828,
Mangrove_15,NO,Dark,2,2024-08-23 07:20:04,1,13,473,8.895,0.004606473,0.967082782,7.204652828,
Mangrove_15,NO,Dark,2,2024-08-23 07:20:05,1,14,473,8.9143,0.004606473,0.967082782,7.204652828,
Mangrove_15,NO,Dark,2,2024-08-23 07:20:06,1,15,473,8.8426,0.004606473,0.967082782,7.204652828,
Mangrove_15,NO,Dark,2,2024-08-23 07:24:05,1,16,923,11.5994,0.004606473,0.967082782,7.204652828,
Mangrove_15,NO,Dark,2,2024-08-23 07:24:07,1,17,923,11.5796,0.004606473,0.967082782,7.204652828,
Mangrove_15,NO,Dark,2,2024-08-23 07:24:08,1,18,923,11.5733,0.004606473,0.967082782,7.204652828,
Mangrove_15,NO,Dark,2,2024-08-23 07:24:09,1,19,923,11.673,0.004606473,0.967082782,7.204652828,
Mangrove_15,NO,Dark,2,2024-08-23 07:24:11,1,20,923,11.5733,0.004606473,0.967082782,7.204652828,
Mangrove_15,NO,Dark,2,2024-08-23 07:24:12,1,21,923,11.6749,0.004606473,0.967082782,7.204652828,
Mangrove_15,NO,Dark,2,2024-08-23 07:24:14,1,22,923,11.7192,0.004606473,0.967082782,7.204652828,
Mangrove_15,NO,Dark,2,2024-08-23 07:24:15,1,23,923,11.6529,0.004606473,0.967082782,7.204652828,
Mangrove_15,NO,Dark,2,2024-08-23 07:24:20,1,24,923,11.6563,0.004606473,0.967082782,7.204652828,
Mangrove_15,NO,Dark,2,2024-08-23 07:24:21,1,25,923,11.7389,0.004606473,0.967082782,7.204652828,